{"type":"FeatureCollection","features":[{"type":"Feature","properties":{"n":"Tokyo","c":"Japan","r":0,"p":35676000,"cap":1},"geometry":{"type":"Point","coordinates":[139.749,35.687]}},{"type":"Feature","properties":{"n":"New York","c":"United States of America","r":0,"p":19040000,"cap":0},"geometry":{"type":"Point","coordinates":[-73.996,40.722]}},{"type":"Feature","properties":{"n":"Mexico City","c":"Mexico","r":0,"p":19028000,"cap":1},"geometry":{"type":"Point","coordinates":[-99.133,19.444]}},{"type":"Feature","properties":{"n":"Mumbai","c":"India","r":0,"p":18978000,"cap":1},"geometry":{"type":"Point","coordinates":[72.876,19.068]}},{"type":"Feature","properties":{"n":"São Paulo","c":"Brazil","r":0,"p":18845000,"cap":1},"geometry":{"type":"Point","coordinates":[-46.627,-23.557]}},{"type":"Feature","properties":{"n":"Shanghai","c":"China","r":0,"p":14987000,"cap":1},"geometry":{"type":"Point","coordinates":[121.435,31.218]}},{"type":"Feature","properties":{"n":"Kolkata","c":"India","r":0,"p":14787000,"cap":1},"geometry":{"type":"Point","coordinates":[88.369,22.57]}},{"type":"Feature","properties":{"n":"Los Angeles","c":"United States of America","r":0,"p":12500000,"cap":0},"geometry":{"type":"Point","coordinates":[-118.232,34.049]}},{"type":"Feature","properties":{"n":"Cairo","c":"Egypt","r":0,"p":11893000,"cap":1},"geometry":{"type":"Point","coordinates":[31.248,30.052]}},{"type":"Feature","properties":{"n":"Rio de Janeiro","c":"Brazil","r":0,"p":11748000,"cap":1},"geometry":{"type":"Point","coordinates":[-43.212,-22.907]}},{"type":"Feature","properties":{"n":"Beijing","c":"China","r":0,"p":11106000,"cap":1},"geometry":{"type":"Point","coordinates":[116.394,39.902]}},{"type":"Feature","properties":{"n":"Moscow","c":"Russia","r":0,"p":10452000,"cap":1},"geometry":{"type":"Point","coordinates":[37.614,55.754]}},{"type":"Feature","properties":{"n":"Istanbul","c":"Turkey","r":0,"p":10061000,"cap":1},"geometry":{"type":"Point","coordinates":[28.974,41.018]}},{"type":"Feature","properties":{"n":"Paris","c":"France","r":0,"p":9904000,"cap":1},"geometry":{"type":"Point","coordinates":[2.353,48.858]}},{"type":"Feature","properties":{"n":"Lagos","c":"Nigeria","r":0,"p":9466000,"cap":1},"geometry":{"type":"Point","coordinates":[3.39,6.445]}},{"type":"Feature","properties":{"n":"Jakarta","c":"Indonesia","r":0,"p":9125000,"cap":1},"geometry":{"type":"Point","coordinates":[106.827,-6.172]}},{"type":"Feature","properties":{"n":"London","c":"United Kingdom","r":0,"p":8567000,"cap":1},"geometry":{"type":"Point","coordinates":[-0.119,51.502]}},{"type":"Feature","properties":{"n":"Bogota","c":"Colombia","r":0,"p":7772000,"cap":1},"geometry":{"type":"Point","coordinates":[-74.085,4.598]}},{"type":"Feature","properties":{"n":"Hong Kong","c":"Hong Kong S.A.R.","r":0,"p":7206000,"cap":1},"geometry":{"type":"Point","coordinates":[114.183,22.307]}},{"type":"Feature","properties":{"n":"Santiago","c":"Chile","r":0,"p":5720000,"cap":1},"geometry":{"type":"Point","coordinates":[-70.651,-33.44]}},{"type":"Feature","properties":{"n":"Singapore","c":"Singapore","r":0,"p":5183700,"cap":1},"geometry":{"type":"Point","coordinates":[103.854,1.295]}},{"type":"Feature","properties":{"n":"Sydney","c":"Australia","r":0,"p":4630000,"cap":1},"geometry":{"type":"Point","coordinates":[151.213,-33.871]}},{"type":"Feature","properties":{"n":"Riyadh","c":"Saudi Arabia","r":0,"p":4465000,"cap":1},"geometry":{"type":"Point","coordinates":[46.72,24.634]}},{"type":"Feature","properties":{"n":"Washington,  D.C.","c":"United States of America","r":0,"p":4338000,"cap":1},"geometry":{"type":"Point","coordinates":[-77.011,38.901]}},{"type":"Feature","properties":{"n":"Rome","c":"Italy","r":0,"p":3339000,"cap":1},"geometry":{"type":"Point","coordinates":[12.481,41.898]}},{"type":"Feature","properties":{"n":"Cape Town","c":"South Africa","r":0,"p":3215000,"cap":1},"geometry":{"type":"Point","coordinates":[18.433,-33.918]}},{"type":"Feature","properties":{"n":"Nairobi","c":"Kenya","r":0,"p":3010000,"cap":1},"geometry":{"type":"Point","coordinates":[36.815,-1.281]}},{"type":"Feature","properties":{"n":"Buenos Aires","c":"Argentina","r":1,"p":12795000,"cap":1},"geometry":{"type":"Point","coordinates":[-58.433,-34.611]}},{"type":"Feature","properties":{"n":"Ōsaka","c":"Japan","r":1,"p":11294000,"cap":1},"geometry":{"type":"Point","coordinates":[135.504,34.691]}},{"type":"Feature","properties":{"n":"Manila","c":"Philippines","r":1,"p":11100000,"cap":1},"geometry":{"type":"Point","coordinates":[120.98,14.606]}},{"type":"Feature","properties":{"n":"Seoul","c":"South Korea","r":1,"p":9796000,"cap":1},"geometry":{"type":"Point","coordinates":[126.998,37.568]}},{"type":"Feature","properties":{"n":"Chicago","c":"United States of America","r":1,"p":8990000,"cap":0},"geometry":{"type":"Point","coordinates":[-87.635,41.848]}},{"type":"Feature","properties":{"n":"Lima","c":"Peru","r":1,"p":8012000,"cap":1},"geometry":{"type":"Point","coordinates":[-77.052,-12.046]}},{"type":"Feature","properties":{"n":"Tehran","c":"Iran","r":1,"p":7873000,"cap":1},"geometry":{"type":"Point","coordinates":[51.422,35.674]}},{"type":"Feature","properties":{"n":"Kinshasa","c":"Congo (Kinshasa)","r":1,"p":7843000,"cap":1},"geometry":{"type":"Point","coordinates":[15.313,-4.328]}},{"type":"Feature","properties":{"n":"Taipei","c":"Taiwan","r":1,"p":6900273,"cap":1},"geometry":{"type":"Point","coordinates":[121.568,25.036]}},{"type":"Feature","properties":{"n":"Bengaluru","c":"India","r":1,"p":6787000,"cap":1},"geometry":{"type":"Point","coordinates":[77.558,12.972]}},{"type":"Feature","properties":{"n":"Bangkok","c":"Thailand","r":1,"p":6704000,"cap":1},"geometry":{"type":"Point","coordinates":[100.515,13.752]}},{"type":"Feature","properties":{"n":"Miami","c":"United States of America","r":1,"p":5585000,"cap":0},"geometry":{"type":"Point","coordinates":[-80.226,25.79]}},{"type":"Feature","properties":{"n":"Madrid","c":"Spain","r":1,"p":5567000,"cap":1},"geometry":{"type":"Point","coordinates":[-3.685,40.402]}},{"type":"Feature","properties":{"n":"Toronto","c":"Canada","r":1,"p":5213000,"cap":1},"geometry":{"type":"Point","coordinates":[-79.389,43.665]}},{"type":"Feature","properties":{"n":"Baghdad","c":"Iraq","r":1,"p":5054000,"cap":1},"geometry":{"type":"Point","coordinates":[44.392,33.341]}},{"type":"Feature","properties":{"n":"Atlanta","c":"United States of America","r":1,"p":4506000,"cap":1},"geometry":{"type":"Point","coordinates":[-84.368,33.739]}},{"type":"Feature","properties":{"n":"Houston","c":"United States of America","r":1,"p":4459000,"cap":0},"geometry":{"type":"Point","coordinates":[-95.348,29.741]}},{"type":"Feature","properties":{"n":"Melbourne","c":"Australia","r":1,"p":4170000,"cap":1},"geometry":{"type":"Point","coordinates":[144.973,-37.818]}},{"type":"Feature","properties":{"n":"Chengdu","c":"China","r":1,"p":4123000,"cap":1},"geometry":{"type":"Point","coordinates":[104.068,30.672]}},{"type":"Feature","properties":{"n":"Monterrey","c":"Mexico","r":1,"p":3712000,"cap":1},"geometry":{"type":"Point","coordinates":[-100.332,25.672]}},{"type":"Feature","properties":{"n":"Ürümqi","c":"China","r":1,"p":3575000,"cap":1},"geometry":{"type":"Point","coordinates":[87.573,43.807]}},{"type":"Feature","properties":{"n":"San Francisco","c":"United States of America","r":1,"p":3450000,"cap":0},"geometry":{"type":"Point","coordinates":[-122.4,37.784]}},{"type":"Feature","properties":{"n":"Johannesburg","c":"South Africa","r":1,"p":3435000,"cap":1},"geometry":{"type":"Point","coordinates":[28.028,-26.168]}},{"type":"Feature","properties":{"n":"Berlin","c":"Germany","r":1,"p":3406000,"cap":1},"geometry":{"type":"Point","coordinates":[13.4,52.524]}},{"type":"Feature","properties":{"n":"Kabul","c":"Afghanistan","r":1,"p":3277000,"cap":1},"geometry":{"type":"Point","coordinates":[69.181,34.519]}},{"type":"Feature","properties":{"n":"Athens","c":"Greece","r":1,"p":3242000,"cap":1},"geometry":{"type":"Point","coordinates":[23.731,37.985]}},{"type":"Feature","properties":{"n":"Casablanca","c":"Morocco","r":1,"p":3181000,"cap":1},"geometry":{"type":"Point","coordinates":[-7.618,33.602]}},{"type":"Feature","properties":{"n":"Addis Ababa","c":"Ethiopia","r":1,"p":3100000,"cap":1},"geometry":{"type":"Point","coordinates":[38.698,9.035]}},{"type":"Feature","properties":{"n":"Caracas","c":"Venezuela","r":1,"p":2985000,"cap":1},"geometry":{"type":"Point","coordinates":[-66.919,10.503]}},{"type":"Feature","properties":{"n":"Kyiv","c":"Ukraine","r":1,"p":2709000,"cap":1},"geometry":{"type":"Point","coordinates":[30.515,50.435]}},{"type":"Feature","properties":{"n":"Dakar","c":"Senegal","r":1,"p":2604000,"cap":1},"geometry":{"type":"Point","coordinates":[-17.475,14.718]}},{"type":"Feature","properties":{"n":"Vienna","c":"Austria","r":1,"p":2400000,"cap":1},"geometry":{"type":"Point","coordinates":[16.365,48.202]}},{"type":"Feature","properties":{"n":"Vancouver","c":"Canada","r":1,"p":2313328,"cap":0},"geometry":{"type":"Point","coordinates":[-123.124,49.275]}},{"type":"Feature","properties":{"n":"Denver","c":"United States of America","r":1,"p":2313000,"cap":1},"geometry":{"type":"Point","coordinates":[-104.986,39.741]}},{"type":"Feature","properties":{"n":"Tashkent","c":"Uzbekistan","r":1,"p":2184000,"cap":1},"geometry":{"type":"Point","coordinates":[69.269,41.304]}},{"type":"Feature","properties":{"n":"Dubai","c":"United Arab Emirates","r":1,"p":1379000,"cap":1},"geometry":{"type":"Point","coordinates":[55.287,25.215]}},{"type":"Feature","properties":{"n":"Auckland","c":"New Zealand","r":1,"p":1377200,"cap":1},"geometry":{"type":"Point","coordinates":[174.763,-36.848]}},{"type":"Feature","properties":{"n":"Stockholm","c":"Sweden","r":1,"p":1264000,"cap":1},"geometry":{"type":"Point","coordinates":[18.066,59.324]}},{"type":"Feature","properties":{"n":"Geneva","c":"Switzerland","r":1,"p":1240000,"cap":1},"geometry":{"type":"Point","coordinates":[6.14,46.21]}},{"type":"Feature","properties":{"n":"Amsterdam","c":"Netherlands","r":1,"p":1031000,"cap":1},"geometry":{"type":"Point","coordinates":[4.915,52.352]}},{"type":"Feature","properties":{"n":"New Delhi","c":"India","r":1,"p":317797,"cap":1},"geometry":{"type":"Point","coordinates":[77.2,28.6]}},{"type":"Feature","properties":{"n":"Delhi","c":"India","r":2,"p":15926000,"cap":0},"geometry":{"type":"Point","coordinates":[77.228,28.672]}},{"type":"Feature","properties":{"n":"Dhaka","c":"Bangladesh","r":2,"p":12797394,"cap":1},"geometry":{"type":"Point","coordinates":[90.407,23.725]}},{"type":"Feature","properties":{"n":"Karachi","c":"Pakistan","r":2,"p":12130000,"cap":1},"geometry":{"type":"Point","coordinates":[66.988,24.872]}},{"type":"Feature","properties":{"n":"Guangzhou","c":"China","r":2,"p":8829000,"cap":1},"geometry":{"type":"Point","coordinates":[113.262,23.125]}},{"type":"Feature","properties":{"n":"Shenzhen","c":"China","r":2,"p":7581000,"cap":0},"geometry":{"type":"Point","coordinates":[114.061,22.548]}},{"type":"Feature","properties":{"n":"Wuhan","c":"China","r":2,"p":7243000,"cap":1},"geometry":{"type":"Point","coordinates":[114.268,30.582]}},{"type":"Feature","properties":{"n":"Tianjin","c":"China","r":2,"p":7180000,"cap":1},"geometry":{"type":"Point","coordinates":[117.197,39.083]}},{"type":"Feature","properties":{"n":"Chennai","c":"India","r":2,"p":7163000,"cap":1},"geometry":{"type":"Point","coordinates":[80.278,13.092]}},{"type":"Feature","properties":{"n":"Lahore","c":"Pakistan","r":2,"p":6577000,"cap":1},"geometry":{"type":"Point","coordinates":[74.348,31.562]}},{"type":"Feature","properties":{"n":"Chongqing","c":"China","r":2,"p":6461000,"cap":1},"geometry":{"type":"Point","coordinates":[106.593,29.567]}},{"type":"Feature","properties":{"n":"Hyderabad","c":"India","r":2,"p":6376000,"cap":1},"geometry":{"type":"Point","coordinates":[78.478,17.402]}},{"type":"Feature","properties":{"n":"Philadelphia","c":"United States of America","r":2,"p":5492000,"cap":0},"geometry":{"type":"Point","coordinates":[-75.18,39.946]}},{"type":"Feature","properties":{"n":"Ahmedabad","c":"India","r":2,"p":5375000,"cap":0},"geometry":{"type":"Point","coordinates":[72.578,23.032]}},{"type":"Feature","properties":{"n":"Ho Chi Minh City","c":"Vietnam","r":2,"p":5314000,"cap":1},"geometry":{"type":"Point","coordinates":[106.703,10.762]}},{"type":"Feature","properties":{"n":"Luanda","c":"Angola","r":2,"p":5172900,"cap":1},"geometry":{"type":"Point","coordinates":[13.232,-8.836]}},{"type":"Feature","properties":{"n":"Barcelona","c":"Spain","r":2,"p":4920000,"cap":1},"geometry":{"type":"Point","coordinates":[2.181,41.385]}},{"type":"Feature","properties":{"n":"Dallas","c":"United States of America","r":2,"p":4798000,"cap":0},"geometry":{"type":"Point","coordinates":[-96.795,32.772]}},{"type":"Feature","properties":{"n":"Shenyeng","c":"China","r":2,"p":4787000,"cap":1},"geometry":{"type":"Point","coordinates":[123.448,41.807]}},{"type":"Feature","properties":{"n":"Khartoum","c":"Sudan","r":2,"p":4754000,"cap":1},"geometry":{"type":"Point","coordinates":[32.532,15.59]}},{"type":"Feature","properties":{"n":"Pune","c":"India","r":2,"p":4672000,"cap":0},"geometry":{"type":"Point","coordinates":[73.852,18.516]}},{"type":"Feature","properties":{"n":"St.  Petersburg","c":"Russia","r":2,"p":4553000,"cap":1},"geometry":{"type":"Point","coordinates":[30.314,59.941]}},{"type":"Feature","properties":{"n":"Chattogram","c":"Bangladesh","r":2,"p":4529000,"cap":1},"geometry":{"type":"Point","coordinates":[91.798,22.332]}},{"type":"Feature","properties":{"n":"Dongguan","c":"China","r":2,"p":4528000,"cap":0},"geometry":{"type":"Point","coordinates":[113.75,23.022]}},{"type":"Feature","properties":{"n":"Boston","c":"United States of America","r":2,"p":4467000,"cap":1},"geometry":{"type":"Point","coordinates":[-71.072,42.332]}},{"type":"Feature","properties":{"n":"Hanoi","c":"Vietnam","r":2,"p":4378000,"cap":1},"geometry":{"type":"Point","coordinates":[105.848,21.035]}},{"type":"Feature","properties":{"n":"Guadalajara","c":"Mexico","r":2,"p":4198000,"cap":1},"geometry":{"type":"Point","coordinates":[-103.332,20.672]}},{"type":"Feature","properties":{"n":"Alexandria","c":"Egypt","r":2,"p":4165000,"cap":0},"geometry":{"type":"Point","coordinates":[29.948,31.202]}},{"type":"Feature","properties":{"n":"Detroit","c":"United States of America","r":2,"p":4101000,"cap":0},"geometry":{"type":"Point","coordinates":[-83.051,42.334]}},{"type":"Feature","properties":{"n":"Yangon","c":"Myanmar","r":2,"p":4088000,"cap":1},"geometry":{"type":"Point","coordinates":[96.165,16.785]}},{"type":"Feature","properties":{"n":"Xian","c":"China","r":2,"p":4009000,"cap":1},"geometry":{"type":"Point","coordinates":[108.893,34.277]}},{"type":"Feature","properties":{"n":"Porto Alegre","c":"Brazil","r":2,"p":3917000,"cap":1},"geometry":{"type":"Point","coordinates":[-51.202,-30.048]}},{"type":"Feature","properties":{"n":"Surat","c":"India","r":2,"p":3842000,"cap":0},"geometry":{"type":"Point","coordinates":[72.838,21.202]}},{"type":"Feature","properties":{"n":"Abidjan","c":"Ivory Coast","r":2,"p":3802000,"cap":1},"geometry":{"type":"Point","coordinates":[-4.02,5.323]}},{"type":"Feature","properties":{"n":"Brasília","c":"Brazil","r":2,"p":3716996,"cap":1},"geometry":{"type":"Point","coordinates":[-47.918,-15.781]}},{"type":"Feature","properties":{"n":"Ankara","c":"Turkey","r":2,"p":3716000,"cap":1},"geometry":{"type":"Point","coordinates":[32.862,39.929]}},{"type":"Feature","properties":{"n":"Nanjing","c":"China","r":2,"p":3679000,"cap":1},"geometry":{"type":"Point","coordinates":[118.778,32.052]}},{"type":"Feature","properties":{"n":"Montréal","c":"Canada","r":2,"p":3678000,"cap":0},"geometry":{"type":"Point","coordinates":[-73.585,45.502]}},{"type":"Feature","properties":{"n":"Guiyang","c":"China","r":2,"p":3662000,"cap":1},"geometry":{"type":"Point","coordinates":[106.718,26.582]}},{"type":"Feature","properties":{"n":"Recife","c":"Brazil","r":2,"p":3651000,"cap":1},"geometry":{"type":"Point","coordinates":[-34.909,-8.061]}},{"type":"Feature","properties":{"n":"Harbin","c":"China","r":2,"p":3621000,"cap":1},"geometry":{"type":"Point","coordinates":[126.648,45.752]}},{"type":"Feature","properties":{"n":"Fortaleza","c":"Brazil","r":2,"p":3602319,"cap":1},"geometry":{"type":"Point","coordinates":[-38.582,-3.748]}},{"type":"Feature","properties":{"n":"Phoenix","c":"United States of America","r":2,"p":3551000,"cap":1},"geometry":{"type":"Point","coordinates":[-112.067,33.448]}},{"type":"Feature","properties":{"n":"Salvador","c":"Brazil","r":2,"p":3484000,"cap":1},"geometry":{"type":"Point","coordinates":[-38.482,-12.968]}},{"type":"Feature","properties":{"n":"Algiers","c":"Algeria","r":2,"p":3354000,"cap":1},"geometry":{"type":"Point","coordinates":[3.049,36.765]}},{"type":"Feature","properties":{"n":"Pyongyang","c":"North Korea","r":2,"p":3300000,"cap":1},"geometry":{"type":"Point","coordinates":[125.753,39.021]}},{"type":"Feature","properties":{"n":"Medellín","c":"Colombia","r":2,"p":3297000,"cap":1},"geometry":{"type":"Point","coordinates":[-75.577,6.277]}},{"type":"Feature","properties":{"n":"Changchun","c":"China","r":2,"p":3183000,"cap":1},"geometry":{"type":"Point","coordinates":[125.338,43.867]}},{"type":"Feature","properties":{"n":"Kanpur","c":"India","r":2,"p":3162000,"cap":0},"geometry":{"type":"Point","coordinates":[80.318,26.462]}},{"type":"Feature","properties":{"n":"Kano","c":"Nigeria","r":2,"p":3140000,"cap":1},"geometry":{"type":"Point","coordinates":[8.518,12.002]}},{"type":"Feature","properties":{"n":"Tel Aviv","c":"Israel","r":2,"p":3112000,"cap":1},"geometry":{"type":"Point","coordinates":[34.768,32.082]}},{"type":"Feature","properties":{"n":"Curitiba","c":"Brazil","r":2,"p":3084000,"cap":1},"geometry":{"type":"Point","coordinates":[-49.322,-25.418]}},{"type":"Feature","properties":{"n":"Seattle","c":"United States of America","r":2,"p":3074000,"cap":0},"geometry":{"type":"Point","coordinates":[-122.315,47.6]}},{"type":"Feature","properties":{"n":"Zibo","c":"China","r":2,"p":3061000,"cap":0},"geometry":{"type":"Point","coordinates":[117.996,36.821]}},{"type":"Feature","properties":{"n":"Jeddah","c":"Saudi Arabia","r":2,"p":3012000,"cap":0},"geometry":{"type":"Point","coordinates":[39.217,21.519]}},{"type":"Feature","properties":{"n":"Hangzhou","c":"China","r":2,"p":3007000,"cap":1},"geometry":{"type":"Point","coordinates":[120.168,30.252]}},{"type":"Feature","properties":{"n":"Milan","c":"Italy","r":2,"p":2945000,"cap":1},"geometry":{"type":"Point","coordinates":[9.203,45.472]}},{"type":"Feature","properties":{"n":"Kunming","c":"China","r":2,"p":2931000,"cap":1},"geometry":{"type":"Point","coordinates":[102.697,25.043]}},{"type":"Feature","properties":{"n":"Dar es Salaam","c":"Tanzania","r":2,"p":2930000,"cap":1},"geometry":{"type":"Point","coordinates":[39.266,-6.798]}},{"type":"Feature","properties":{"n":"Jaipur","c":"India","r":2,"p":2917000,"cap":1},"geometry":{"type":"Point","coordinates":[75.808,26.923]}},{"type":"Feature","properties":{"n":"San Diego","c":"United States of America","r":2,"p":2916000,"cap":0},"geometry":{"type":"Point","coordinates":[-117.151,32.719]}},{"type":"Feature","properties":{"n":"Taiyuan","c":"China","r":2,"p":2913000,"cap":1},"geometry":{"type":"Point","coordinates":[112.543,37.877]}},{"type":"Feature","properties":{"n":"Frankfurt","c":"Germany","r":2,"p":2895000,"cap":0},"geometry":{"type":"Point","coordinates":[8.675,50.1]}},{"type":"Feature","properties":{"n":"Surabaya","c":"Indonesia","r":2,"p":2845000,"cap":1},"geometry":{"type":"Point","coordinates":[112.749,-7.247]}},{"type":"Feature","properties":{"n":"Lisbon","c":"Portugal","r":2,"p":2812000,"cap":1},"geometry":{"type":"Point","coordinates":[-9.147,38.725]}},{"type":"Feature","properties":{"n":"Jinan","c":"China","r":2,"p":2798000,"cap":1},"geometry":{"type":"Point","coordinates":[116.993,36.677]}},{"type":"Feature","properties":{"n":"Aleppo","c":"Syria","r":2,"p":2738000,"cap":0},"geometry":{"type":"Point","coordinates":[37.168,36.232]}},{"type":"Feature","properties":{"n":"Durban","c":"South Africa","r":2,"p":2729000,"cap":0},"geometry":{"type":"Point","coordinates":[31.011,-29.861]}},{"type":"Feature","properties":{"n":"Zhengzhou","c":"China","r":2,"p":2636000,"cap":1},"geometry":{"type":"Point","coordinates":[113.663,34.757]}},{"type":"Feature","properties":{"n":"Minneapolis","c":"United States of America","r":2,"p":2616000,"cap":0},"geometry":{"type":"Point","coordinates":[-93.254,44.982]}},{"type":"Feature","properties":{"n":"Fuzhou","c":"China","r":2,"p":2606000,"cap":1},"geometry":{"type":"Point","coordinates":[119.298,26.082]}},{"type":"Feature","properties":{"n":"Changsha","c":"China","r":2,"p":2604000,"cap":1},"geometry":{"type":"Point","coordinates":[112.968,28.202]}},{"type":"Feature","properties":{"n":"Lanzhou","c":"China","r":2,"p":2561000,"cap":1},"geometry":{"type":"Point","coordinates":[103.79,36.058]}},{"type":"Feature","properties":{"n":"Sapporo","c":"Japan","r":2,"p":2544000,"cap":1},"geometry":{"type":"Point","coordinates":[141.338,43.077]}},{"type":"Feature","properties":{"n":"Guayaquil","c":"Ecuador","r":2,"p":2514000,"cap":1},"geometry":{"type":"Point","coordinates":[-79.922,-2.218]}},{"type":"Feature","properties":{"n":"Mashhad","c":"Iran","r":2,"p":2469000,"cap":1},"geometry":{"type":"Point","coordinates":[59.568,36.272]}},{"type":"Feature","properties":{"n":"Damascus","c":"Syria","r":2,"p":2466000,"cap":1},"geometry":{"type":"Point","coordinates":[36.298,33.502]}},{"type":"Feature","properties":{"n":"Nagpur","c":"India","r":2,"p":2454000,"cap":0},"geometry":{"type":"Point","coordinates":[79.088,21.172]}},{"type":"Feature","properties":{"n":"Bandung","c":"Indonesia","r":2,"p":2394000,"cap":1},"geometry":{"type":"Point","coordinates":[107.568,-6.948]}},{"type":"Feature","properties":{"n":"Nanchang","c":"China","r":2,"p":2350000,"cap":1},"geometry":{"type":"Point","coordinates":[115.878,28.682]}},{"type":"Feature","properties":{"n":"Tampa","c":"United States of America","r":2,"p":2314000,"cap":0},"geometry":{"type":"Point","coordinates":[-82.461,27.949]}},{"type":"Feature","properties":{"n":"Cali","c":"Colombia","r":2,"p":2254000,"cap":1},"geometry":{"type":"Point","coordinates":[-76.502,3.402]}},{"type":"Feature","properties":{"n":"Naples","c":"Italy","r":2,"p":2250000,"cap":1},"geometry":{"type":"Point","coordinates":[14.243,40.842]}},{"type":"Feature","properties":{"n":"St. Louis","c":"United States of America","r":2,"p":2199000,"cap":0},"geometry":{"type":"Point","coordinates":[-90.242,38.637]}},{"type":"Feature","properties":{"n":"Puebla","c":"Mexico","r":2,"p":2195000,"cap":1},"geometry":{"type":"Point","coordinates":[-98.204,19.033]}},{"type":"Feature","properties":{"n":"Tripoli","c":"Libya","r":2,"p":2189000,"cap":1},"geometry":{"type":"Point","coordinates":[13.18,32.893]}},{"type":"Feature","properties":{"n":"Havana","c":"Cuba","r":2,"p":2174000,"cap":1},"geometry":{"type":"Point","coordinates":[-82.366,23.134]}},{"type":"Feature","properties":{"n":"Nanning","c":"China","r":2,"p":2167000,"cap":1},"geometry":{"type":"Point","coordinates":[108.318,22.822]}},{"type":"Feature","properties":{"n":"Belém","c":"Brazil","r":2,"p":2167000,"cap":1},"geometry":{"type":"Point","coordinates":[-48.482,-1.448]}},{"type":"Feature","properties":{"n":"Patna","c":"India","r":2,"p":2158000,"cap":1},"geometry":{"type":"Point","coordinates":[85.128,25.627]}},{"type":"Feature","properties":{"n":"Santo Domingo","c":"Dominican Republic","r":2,"p":2154000,"cap":1},"geometry":{"type":"Point","coordinates":[-69.93,18.471]}},{"type":"Feature","properties":{"n":"Accra","c":"Ghana","r":2,"p":2121000,"cap":1},"geometry":{"type":"Point","coordinates":[-0.219,5.552]}},{"type":"Feature","properties":{"n":"Medan","c":"Indonesia","r":2,"p":2115000,"cap":1},"geometry":{"type":"Point","coordinates":[98.648,3.582]}},{"type":"Feature","properties":{"n":"Maracaibo","c":"Venezuela","r":2,"p":2072000,"cap":1},"geometry":{"type":"Point","coordinates":[-71.662,10.732]}},{"type":"Feature","properties":{"n":"Kuwait City","c":"Kuwait","r":2,"p":2063000,"cap":1},"geometry":{"type":"Point","coordinates":[47.976,29.372]}},{"type":"Feature","properties":{"n":"Hiroshima","c":"Japan","r":2,"p":2045000,"cap":1},"geometry":{"type":"Point","coordinates":[132.441,34.39]}},{"type":"Feature","properties":{"n":"Baotou","c":"China","r":2,"p":2036000,"cap":0},"geometry":{"type":"Point","coordinates":[109.82,40.654]}},{"type":"Feature","properties":{"n":"Goiânia","c":"Brazil","r":2,"p":2022000,"cap":1},"geometry":{"type":"Point","coordinates":[-49.302,-16.718]}},{"type":"Feature","properties":{"n":"Sanaa","c":"Yemen","r":2,"p":2008000,"cap":1},"geometry":{"type":"Point","coordinates":[44.205,15.357]}},{"type":"Feature","properties":{"n":"Bucharest","c":"Romania","r":2,"p":1942000,"cap":1},"geometry":{"type":"Point","coordinates":[26.098,44.435]}},{"type":"Feature","properties":{"n":"Hamburg","c":"Germany","r":2,"p":1757000,"cap":1},"geometry":{"type":"Point","coordinates":[9.998,53.552]}},{"type":"Feature","properties":{"n":"Brussels","c":"Belgium","r":2,"p":1743000,"cap":1},"geometry":{"type":"Point","coordinates":[4.331,50.835]}},{"type":"Feature","properties":{"n":"Warsaw","c":"Poland","r":2,"p":1707000,"cap":1},"geometry":{"type":"Point","coordinates":[21.005,52.231]}},{"type":"Feature","properties":{"n":"Budapest","c":"Hungary","r":2,"p":1679000,"cap":1},"geometry":{"type":"Point","coordinates":[19.081,47.502]}},{"type":"Feature","properties":{"n":"Perth","c":"Australia","r":2,"p":1532000,"cap":1},"geometry":{"type":"Point","coordinates":[115.838,-31.953]}},{"type":"Feature","properties":{"n":"Kuala Lumpur","c":"Malaysia","r":2,"p":1448000,"cap":1},"geometry":{"type":"Point","coordinates":[101.689,3.14]}},{"type":"Feature","properties":{"n":"Makkah","c":"Saudi Arabia","r":2,"p":1385000,"cap":0},"geometry":{"type":"Point","coordinates":[39.818,21.432]}},{"type":"Feature","properties":{"n":"Munich","c":"Germany","r":2,"p":1275000,"cap":1},"geometry":{"type":"Point","coordinates":[11.573,48.132]}},{"type":"Feature","properties":{"n":"Prague","c":"Czechia","r":2,"p":1162000,"cap":1},"geometry":{"type":"Point","coordinates":[14.423,50.087]}},{"type":"Feature","properties":{"n":"Helsinki","c":"Finland","r":2,"p":1115000,"cap":1},"geometry":{"type":"Point","coordinates":[24.932,60.164]}},{"type":"Feature","properties":{"n":"Zürich","c":"Switzerland","r":2,"p":1108000,"cap":1},"geometry":{"type":"Point","coordinates":[8.548,47.382]}},{"type":"Feature","properties":{"n":"København","c":"Denmark","r":2,"p":1085000,"cap":1},"geometry":{"type":"Point","coordinates":[12.562,55.681]}},{"type":"Feature","properties":{"n":"Dublin","c":"Ireland","r":2,"p":1059000,"cap":1},"geometry":{"type":"Point","coordinates":[-6.257,53.347]}},{"type":"Feature","properties":{"n":"Edmonton","c":"Canada","r":2,"p":1058000,"cap":1},"geometry":{"type":"Point","coordinates":[-113.502,53.552]}},{"type":"Feature","properties":{"n":"Monrovia","c":"Liberia","r":2,"p":1041000,"cap":1},"geometry":{"type":"Point","coordinates":[-10.8,6.315]}},{"type":"Feature","properties":{"n":"Oslo","c":"Norway","r":2,"p":835000,"cap":1},"geometry":{"type":"Point","coordinates":[10.748,59.919]}},{"type":"Feature","properties":{"n":"Honolulu","c":"United States of America","r":2,"p":786000,"cap":1},"geometry":{"type":"Point","coordinates":[-157.858,21.303]}},{"type":"Feature","properties":{"n":"New Orleans","c":"United States of America","r":2,"p":785000,"cap":0},"geometry":{"type":"Point","coordinates":[-90.088,29.969]}},{"type":"Feature","properties":{"n":"Anchorage","c":"United States of America","r":2,"p":260283,"cap":0},"geometry":{"type":"Point","coordinates":[-149.887,61.214]}},{"type":"Feature","properties":{"n":"Kaohsiung","c":"Taiwan","r":3,"p":2769072,"cap":1},"geometry":{"type":"Point","coordinates":[120.267,22.633]}},{"type":"Feature","properties":{"n":"San Juan","c":"Puerto Rico","r":3,"p":2478905,"cap":1},"geometry":{"type":"Point","coordinates":[-66.13,18.44]}},{"type":"Feature","properties":{"n":"Tunis","c":"Tunisia","r":3,"p":2412500,"cap":1},"geometry":{"type":"Point","coordinates":[10.18,36.803]}},{"type":"Feature","properties":{"n":"Baku","c":"Azerbaijan","r":3,"p":2122300,"cap":1},"geometry":{"type":"Point","coordinates":[49.86,40.397]}},{"type":"Feature","properties":{"n":"Santa Cruz","c":"Bolivia","r":3,"p":2102998,"cap":1},"geometry":{"type":"Point","coordinates":[-63.228,-17.752]}},{"type":"Feature","properties":{"n":"Port-au-Prince","c":"Haiti","r":3,"p":1998000,"cap":1},"geometry":{"type":"Point","coordinates":[-72.338,18.543]}},{"type":"Feature","properties":{"n":"Cleveland","c":"United States of America","r":3,"p":1890000,"cap":0},"geometry":{"type":"Point","coordinates":[-81.697,41.472]}},{"type":"Feature","properties":{"n":"Portland","c":"United States of America","r":3,"p":1875000,"cap":0},"geometry":{"type":"Point","coordinates":[-122.682,45.522]}},{"type":"Feature","properties":{"n":"Asunción","c":"Paraguay","r":3,"p":1870000,"cap":1},"geometry":{"type":"Point","coordinates":[-57.626,-25.291]}},{"type":"Feature","properties":{"n":"Brisbane","c":"Australia","r":3,"p":1860000,"cap":1},"geometry":{"type":"Point","coordinates":[153.033,-27.453]}},{"type":"Feature","properties":{"n":"Beirut","c":"Lebanon","r":3,"p":1846000,"cap":1},"geometry":{"type":"Point","coordinates":[35.508,33.874]}},{"type":"Feature","properties":{"n":"Pittsburgh","c":"United States of America","r":3,"p":1838000,"cap":0},"geometry":{"type":"Point","coordinates":[-80.002,40.432]}},{"type":"Feature","properties":{"n":"Las Vegas","c":"United States of America","r":3,"p":1823000,"cap":0},"geometry":{"type":"Point","coordinates":[-115.151,36.165]}},{"type":"Feature","properties":{"n":"Minsk","c":"Belarus","r":3,"p":1805000,"cap":1},"geometry":{"type":"Point","coordinates":[27.565,53.902]}},{"type":"Feature","properties":{"n":"Valencia","c":"Venezuela","r":3,"p":1770000,"cap":1},"geometry":{"type":"Point","coordinates":[-67.982,10.232]}},{"type":"Feature","properties":{"n":"Manaus","c":"Brazil","r":3,"p":1753000,"cap":1},"geometry":{"type":"Point","coordinates":[-60.002,-3.098]}},{"type":"Feature","properties":{"n":"Palembang","c":"Indonesia","r":3,"p":1749000,"cap":1},"geometry":{"type":"Point","coordinates":[104.748,-2.978]}},{"type":"Feature","properties":{"n":"Bhopal","c":"India","r":3,"p":1727000,"cap":1},"geometry":{"type":"Point","coordinates":[77.408,23.252]}},{"type":"Feature","properties":{"n":"Rabat","c":"Morocco","r":3,"p":1705000,"cap":1},"geometry":{"type":"Point","coordinates":[-6.836,34.025]}},{"type":"Feature","properties":{"n":"Quito","c":"Ecuador","r":3,"p":1701000,"cap":1},"geometry":{"type":"Point","coordinates":[-78.502,-0.213]}},{"type":"Feature","properties":{"n":"Antananarivo","c":"Madagascar","r":3,"p":1697000,"cap":1},"geometry":{"type":"Point","coordinates":[47.515,-18.915]}},{"type":"Feature","properties":{"n":"Coimbatore","c":"India","r":3,"p":1696000,"cap":0},"geometry":{"type":"Point","coordinates":[76.948,11.002]}},{"type":"Feature","properties":{"n":"San Jose","c":"United States of America","r":3,"p":1668000,"cap":0},"geometry":{"type":"Point","coordinates":[-121.888,37.331]}},{"type":"Feature","properties":{"n":"Qiqihar","c":"China","r":3,"p":1641000,"cap":0},"geometry":{"type":"Point","coordinates":[123.988,47.347]}},{"type":"Feature","properties":{"n":"Cincinnati","c":"United States of America","r":3,"p":1636000,"cap":0},"geometry":{"type":"Point","coordinates":[-84.459,39.164]}},{"type":"Feature","properties":{"n":"Isfahan","c":"Iran","r":3,"p":1628000,"cap":1},"geometry":{"type":"Point","coordinates":[51.698,32.702]}},{"type":"Feature","properties":{"n":"Yaoundé","c":"Cameroon","r":3,"p":1611000,"cap":1},"geometry":{"type":"Point","coordinates":[11.515,3.869]}},{"type":"Feature","properties":{"n":"Sacramento","c":"United States of America","r":3,"p":1604000,"cap":1},"geometry":{"type":"Point","coordinates":[-121.472,38.577]}},{"type":"Feature","properties":{"n":"Shantou","c":"China","r":3,"p":1601000,"cap":0},"geometry":{"type":"Point","coordinates":[116.668,23.372]}},{"type":"Feature","properties":{"n":"La Paz","c":"Bolivia","r":3,"p":1590000,"cap":1},"geometry":{"type":"Point","coordinates":[-68.152,-16.496]}},{"type":"Feature","properties":{"n":"Abuja","c":"Nigeria","r":3,"p":1576000,"cap":1},"geometry":{"type":"Point","coordinates":[7.49,9.055]}},{"type":"Feature","properties":{"n":"Harare","c":"Zimbabwe","r":3,"p":1572000,"cap":1},"geometry":{"type":"Point","coordinates":[31.043,-17.816]}},{"type":"Feature","properties":{"n":"Tijuana","c":"Mexico","r":3,"p":1553000,"cap":0},"geometry":{"type":"Point","coordinates":[-117.082,32.502]}},{"type":"Feature","properties":{"n":"Vishakhapatnam","c":"India","r":3,"p":1529000,"cap":0},"geometry":{"type":"Point","coordinates":[83.22,17.683]}},{"type":"Feature","properties":{"n":"Multan","c":"Pakistan","r":3,"p":1522000,"cap":0},"geometry":{"type":"Point","coordinates":[71.453,30.202]}},{"type":"Feature","properties":{"n":"Montevideo","c":"Uruguay","r":3,"p":1513000,"cap":1},"geometry":{"type":"Point","coordinates":[-56.187,-34.905]}},{"type":"Feature","properties":{"n":"Bamako","c":"Mali","r":3,"p":1494000,"cap":1},"geometry":{"type":"Point","coordinates":[-8.002,12.652]}},{"type":"Feature","properties":{"n":"Conakry","c":"Guinea","r":3,"p":1494000,"cap":1},"geometry":{"type":"Point","coordinates":[-13.682,9.533]}},{"type":"Feature","properties":{"n":"San Antonio","c":"United States of America","r":3,"p":1473000,"cap":0},"geometry":{"type":"Point","coordinates":[-98.493,29.42]}},{"type":"Feature","properties":{"n":"Phnom Penh","c":"Cambodia","r":3,"p":1466000,"cap":1},"geometry":{"type":"Point","coordinates":[104.915,11.552]}},{"type":"Feature","properties":{"n":"Hyderabad","c":"Pakistan","r":3,"p":1459000,"cap":0},"geometry":{"type":"Point","coordinates":[68.373,25.382]}},{"type":"Feature","properties":{"n":"Lomé","c":"Togo","r":3,"p":1452000,"cap":1},"geometry":{"type":"Point","coordinates":[1.221,6.134]}},{"type":"Feature","properties":{"n":"Córdoba","c":"Argentina","r":3,"p":1452000,"cap":1},"geometry":{"type":"Point","coordinates":[-64.184,-31.398]}},{"type":"Feature","properties":{"n":"Huainan","c":"China","r":3,"p":1451000,"cap":0},"geometry":{"type":"Point","coordinates":[116.978,32.632]}},{"type":"Feature","properties":{"n":"Maputo","c":"Mozambique","r":3,"p":1446000,"cap":1},"geometry":{"type":"Point","coordinates":[32.587,-25.953]}},{"type":"Feature","properties":{"n":"San Salvador","c":"El Salvador","r":3,"p":1433000,"cap":1},"geometry":{"type":"Point","coordinates":[-89.216,13.703]}},{"type":"Feature","properties":{"n":"Lyon","c":"France","r":3,"p":1423000,"cap":1},"geometry":{"type":"Point","coordinates":[4.828,45.772]}},{"type":"Feature","properties":{"n":"Kampala","c":"Uganda","r":3,"p":1420000,"cap":1},"geometry":{"type":"Point","coordinates":[32.581,0.319]}},{"type":"Feature","properties":{"n":"Davao","c":"Philippines","r":3,"p":1402000,"cap":0},"geometry":{"type":"Point","coordinates":[125.628,7.112]}},{"type":"Feature","properties":{"n":"Semarang","c":"Indonesia","r":3,"p":1396000,"cap":1},"geometry":{"type":"Point","coordinates":[110.418,-6.965]}},{"type":"Feature","properties":{"n":"Novosibirsk","c":"Russia","r":3,"p":1389000,"cap":1},"geometry":{"type":"Point","coordinates":[82.958,55.032]}},{"type":"Feature","properties":{"n":"Milwaukee","c":"United States of America","r":3,"p":1388000,"cap":0},"geometry":{"type":"Point","coordinates":[-87.917,43.03]}},{"type":"Feature","properties":{"n":"Brazzaville","c":"Congo (Brazzaville)","r":3,"p":1355000,"cap":1},"geometry":{"type":"Point","coordinates":[15.283,-4.257]}},{"type":"Feature","properties":{"n":"Lubumbashi","c":"Congo (Kinshasa)","r":3,"p":1352000,"cap":1},"geometry":{"type":"Point","coordinates":[27.478,-11.678]}},{"type":"Feature","properties":{"n":"Varanasi","c":"India","r":3,"p":1352000,"cap":0},"geometry":{"type":"Point","coordinates":[82.998,25.332]}},{"type":"Feature","properties":{"n":"Pretoria","c":"South Africa","r":3,"p":1338000,"cap":1},"geometry":{"type":"Point","coordinates":[28.227,-25.705]}},{"type":"Feature","properties":{"n":"Lusaka","c":"Zambia","r":3,"p":1328000,"cap":1},"geometry":{"type":"Point","coordinates":[28.281,-15.415]}},{"type":"Feature","properties":{"n":"Asansol","c":"India","r":3,"p":1328000,"cap":0},"geometry":{"type":"Point","coordinates":[86.981,23.685]}},{"type":"Feature","properties":{"n":"Yekaterinburg","c":"Russia","r":3,"p":1313000,"cap":1},"geometry":{"type":"Point","coordinates":[60.598,56.852]}},{"type":"Feature","properties":{"n":"Peshawar","c":"Pakistan","r":3,"p":1303000,"cap":1},"geometry":{"type":"Point","coordinates":[71.533,34.007]}},{"type":"Feature","properties":{"n":"Jamshedpur","c":"India","r":3,"p":1300000,"cap":0},"geometry":{"type":"Point","coordinates":[86.196,22.789]}},{"type":"Feature","properties":{"n":"Madurai","c":"India","r":3,"p":1294000,"cap":0},"geometry":{"type":"Point","coordinates":[78.118,9.922]}},{"type":"Feature","properties":{"n":"San José","c":"Costa Rica","r":3,"p":1284000,"cap":1},"geometry":{"type":"Point","coordinates":[-84.079,9.93]}},{"type":"Feature","properties":{"n":"Panama City","c":"Panama","r":3,"p":1281000,"cap":1},"geometry":{"type":"Point","coordinates":[-79.535,8.97]}},{"type":"Feature","properties":{"n":"Nizhny Novgorod","c":"Russia","r":3,"p":1278000,"cap":1},"geometry":{"type":"Point","coordinates":[43.998,56.335]}},{"type":"Feature","properties":{"n":"Makassar","c":"Indonesia","r":3,"p":1262000,"cap":1},"geometry":{"type":"Point","coordinates":[119.43,-5.138]}},{"type":"Feature","properties":{"n":"Shiraz","c":"Iran","r":3,"p":1240000,"cap":1},"geometry":{"type":"Point","coordinates":[52.568,29.632]}},{"type":"Feature","properties":{"n":"Seville","c":"Spain","r":3,"p":1212045,"cap":1},"geometry":{"type":"Point","coordinates":[-5.98,37.405]}},{"type":"Feature","properties":{"n":"Amritsar","c":"India","r":3,"p":1212000,"cap":0},"geometry":{"type":"Point","coordinates":[74.868,31.642]}},{"type":"Feature","properties":{"n":"Almaty","c":"Kazakhstan","r":3,"p":1209000,"cap":1},"geometry":{"type":"Point","coordinates":[76.913,43.327]}},{"type":"Feature","properties":{"n":"Sofia","c":"Bulgaria","r":3,"p":1185000,"cap":1},"geometry":{"type":"Point","coordinates":[23.315,42.685]}},{"type":"Feature","properties":{"n":"Banghazi","c":"Libya","r":3,"p":1180000,"cap":1},"geometry":{"type":"Point","coordinates":[20.065,32.119]}},{"type":"Feature","properties":{"n":"Raleigh","c":"United States of America","r":3,"p":1163515,"cap":1},"geometry":{"type":"Point","coordinates":[-78.647,35.773]}},{"type":"Feature","properties":{"n":"Glasgow","c":"United Kingdom","r":3,"p":1160000,"cap":0},"geometry":{"type":"Point","coordinates":[-4.239,55.862]}},{"type":"Feature","properties":{"n":"Ouagadougou","c":"Burkina Faso","r":3,"p":1149000,"cap":1},"geometry":{"type":"Point","coordinates":[-1.527,12.372]}},{"type":"Feature","properties":{"n":"Ottawa","c":"Canada","r":3,"p":1145000,"cap":1},"geometry":{"type":"Point","coordinates":[-75.702,45.419]}},{"type":"Feature","properties":{"n":"Adelaide","c":"Australia","r":3,"p":1145000,"cap":1},"geometry":{"type":"Point","coordinates":[138.598,-34.933]}},{"type":"Feature","properties":{"n":"Samara","c":"Russia","r":3,"p":1137000,"cap":1},"geometry":{"type":"Point","coordinates":[50.149,53.197]}},{"type":"Feature","properties":{"n":"Kazan","c":"Russia","r":3,"p":1115000,"cap":1},"geometry":{"type":"Point","coordinates":[49.124,55.752]}},{"type":"Feature","properties":{"n":"Calgary","c":"Canada","r":3,"p":1110000,"cap":0},"geometry":{"type":"Point","coordinates":[-114.082,51.085]}},{"type":"Feature","properties":{"n":"Yerevan","c":"Armenia","r":3,"p":1102000,"cap":1},"geometry":{"type":"Point","coordinates":[44.512,40.183]}},{"type":"Feature","properties":{"n":"Mogadishu","c":"Somalia","r":3,"p":1100000,"cap":1},"geometry":{"type":"Point","coordinates":[45.365,2.069]}},{"type":"Feature","properties":{"n":"Tbilisi","c":"Georgia","r":3,"p":1100000,"cap":1},"geometry":{"type":"Point","coordinates":[44.789,41.727]}},{"type":"Feature","properties":{"n":"Huambo","c":"Angola","r":3,"p":1100000,"cap":1},"geometry":{"type":"Point","coordinates":[15.758,-12.748]}},{"type":"Feature","properties":{"n":"Belgrade","c":"Serbia","r":3,"p":1099000,"cap":1},"geometry":{"type":"Point","coordinates":[20.466,44.821]}},{"type":"Feature","properties":{"n":"Bhilai","c":"India","r":3,"p":1097000,"cap":0},"geometry":{"type":"Point","coordinates":[81.372,21.211]}},{"type":"Feature","properties":{"n":"Dushanbe","c":"Tajikistan","r":3,"p":1086244,"cap":1},"geometry":{"type":"Point","coordinates":[68.774,38.56]}},{"type":"Feature","properties":{"n":"Memphis","c":"United States of America","r":3,"p":1081000,"cap":0},"geometry":{"type":"Point","coordinates":[-90.029,35.145]}},{"type":"Feature","properties":{"n":"Amman","c":"Jordan","r":3,"p":1060000,"cap":1},"geometry":{"type":"Point","coordinates":[35.931,31.952]}},{"type":"Feature","properties":{"n":"Xining","c":"China","r":3,"p":1048000,"cap":1},"geometry":{"type":"Point","coordinates":[101.768,36.622]}},{"type":"Feature","properties":{"n":"Norfolk","c":"United States of America","r":3,"p":1047869,"cap":0},"geometry":{"type":"Point","coordinates":[-76.28,36.85]}},{"type":"Feature","properties":{"n":"Jerusalem","c":"Israel","r":3,"p":1029300,"cap":1},"geometry":{"type":"Point","coordinates":[35.207,31.778]}},{"type":"Feature","properties":{"n":"Guatemala City","c":"Guatemala","r":3,"p":1024000,"cap":1},"geometry":{"type":"Point","coordinates":[-90.529,14.623]}},{"type":"Feature","properties":{"n":"Florianópolis","c":"Brazil","r":3,"p":1023000,"cap":1},"geometry":{"type":"Point","coordinates":[-48.522,-27.578]}},{"type":"Feature","properties":{"n":"Port Elizabeth","c":"South Africa","r":3,"p":1021000,"cap":0},"geometry":{"type":"Point","coordinates":[25.598,-33.968]}},{"type":"Feature","properties":{"n":"Ufa","c":"Russia","r":3,"p":1018000,"cap":1},"geometry":{"type":"Point","coordinates":[56.038,54.792]}},{"type":"Feature","properties":{"n":"Buffalo","c":"United States of America","r":3,"p":1016000,"cap":0},"geometry":{"type":"Point","coordinates":[-78.882,42.882]}},{"type":"Feature","properties":{"n":"Fez","c":"Morocco","r":3,"p":1002000,"cap":1},"geometry":{"type":"Point","coordinates":[-5.002,34.057]}},{"type":"Feature","properties":{"n":"Aden","c":"Yemen","r":3,"p":1000000,"cap":1},"geometry":{"type":"Point","coordinates":[45.009,12.78]}},{"type":"Feature","properties":{"n":"Perm","c":"Russia","r":3,"p":997000,"cap":1},"geometry":{"type":"Point","coordinates":[56.248,58.002]}},{"type":"Feature","properties":{"n":"Yinchuan","c":"China","r":3,"p":991000,"cap":1},"geometry":{"type":"Point","coordinates":[106.271,38.47]}},{"type":"Feature","properties":{"n":"N'Djamena","c":"Chad","r":3,"p":989000,"cap":1},"geometry":{"type":"Point","coordinates":[15.047,12.115]}},{"type":"Feature","properties":{"n":"Guilin","c":"China","r":3,"p":987000,"cap":0},"geometry":{"type":"Point","coordinates":[110.278,25.282]}},{"type":"Feature","properties":{"n":"Volgograd","c":"Russia","r":3,"p":984000,"cap":1},"geometry":{"type":"Point","coordinates":[44.498,48.712]}},{"type":"Feature","properties":{"n":"Salt Lake City","c":"United States of America","r":3,"p":966000,"cap":1},"geometry":{"type":"Point","coordinates":[-111.932,40.777]}},{"type":"Feature","properties":{"n":"Mérida","c":"Mexico","r":3,"p":965000,"cap":1},"geometry":{"type":"Point","coordinates":[-89.619,20.969]}},{"type":"Feature","properties":{"n":"Pingxiang","c":"China","r":3,"p":961000,"cap":0},"geometry":{"type":"Point","coordinates":[113.848,27.622]}},{"type":"Feature","properties":{"n":"Kozhikode","c":"India","r":3,"p":953000,"cap":0},"geometry":{"type":"Point","coordinates":[75.768,11.252]}},{"type":"Feature","properties":{"n":"Tegucigalpa","c":"Honduras","r":3,"p":946000,"cap":1},"geometry":{"type":"Point","coordinates":[-87.219,14.104]}},{"type":"Feature","properties":{"n":"Kingston","c":"Jamaica","r":3,"p":937700,"cap":1},"geometry":{"type":"Point","coordinates":[-76.767,17.977]}},{"type":"Feature","properties":{"n":"Naypyidaw","c":"Myanmar","r":3,"p":930000,"cap":1},"geometry":{"type":"Point","coordinates":[96.117,19.769]}},{"type":"Feature","properties":{"n":"Krasnoyarsk","c":"Russia","r":3,"p":925000,"cap":1},"geometry":{"type":"Point","coordinates":[92.864,56.016]}},{"type":"Feature","properties":{"n":"Managua","c":"Nicaragua","r":3,"p":920000,"cap":1},"geometry":{"type":"Point","coordinates":[-86.27,12.155]}},{"type":"Feature","properties":{"n":"Niamey","c":"Niger","r":3,"p":915000,"cap":1},"geometry":{"type":"Point","coordinates":[2.115,13.519]}},{"type":"Feature","properties":{"n":"Tirana","c":"Albania","r":3,"p":895350,"cap":1},"geometry":{"type":"Point","coordinates":[19.819,41.328]}},{"type":"Feature","properties":{"n":"Kathmandu","c":"Nepal","r":3,"p":895000,"cap":1},"geometry":{"type":"Point","coordinates":[85.315,27.719]}},{"type":"Feature","properties":{"n":"Mendoza","c":"Argentina","r":3,"p":893000,"cap":1},"geometry":{"type":"Point","coordinates":[-68.819,-32.881]}},{"type":"Feature","properties":{"n":"Concepción","c":"Chile","r":3,"p":889725,"cap":1},"geometry":{"type":"Point","coordinates":[-73.05,-36.83]}},{"type":"Feature","properties":{"n":"Cartagena","c":"Colombia","r":3,"p":887000,"cap":1},"geometry":{"type":"Point","coordinates":[-75.516,10.402]}},{"type":"Feature","properties":{"n":"Ulaanbaatar","c":"Mongolia","r":3,"p":885000,"cap":1},"geometry":{"type":"Point","coordinates":[106.915,47.919]}},{"type":"Feature","properties":{"n":"Mombasa","c":"Kenya","r":3,"p":882000,"cap":1},"geometry":{"type":"Point","coordinates":[39.688,-4.038]}},{"type":"Feature","properties":{"n":"Omaha","c":"United States of America","r":3,"p":877110,"cap":0},"geometry":{"type":"Point","coordinates":[-96.01,41.24]}},{"type":"Feature","properties":{"n":"Nashville","c":"United States of America","r":3,"p":877000,"cap":1},"geometry":{"type":"Point","coordinates":[-86.782,36.172]}},{"type":"Feature","properties":{"n":"Marrakesh","c":"Morocco","r":3,"p":872000,"cap":1},"geometry":{"type":"Point","coordinates":[-8.002,31.632]}},{"type":"Feature","properties":{"n":"Palermo","c":"Italy","r":3,"p":863000,"cap":1},"geometry":{"type":"Point","coordinates":[13.348,38.127]}},{"type":"Feature","properties":{"n":"Tampico","c":"Mexico","r":3,"p":859419,"cap":0},"geometry":{"type":"Point","coordinates":[-97.87,22.3]}},{"type":"Feature","properties":{"n":"Padang","c":"Indonesia","r":3,"p":855000,"cap":1},"geometry":{"type":"Point","coordinates":[100.358,-0.958]}},{"type":"Feature","properties":{"n":"Valparaíso","c":"Chile","r":3,"p":854000,"cap":1},"geometry":{"type":"Point","coordinates":[-71.617,-33.048]}},{"type":"Feature","properties":{"n":"Bhubaneswar","c":"India","r":3,"p":844000,"cap":1},"geometry":{"type":"Point","coordinates":[85.825,20.272]}},{"type":"Feature","properties":{"n":"Bishkek","c":"Kyrgyzstan","r":3,"p":837000,"cap":1},"geometry":{"type":"Point","coordinates":[74.583,42.875]}},{"type":"Feature","properties":{"n":"Bangui","c":"Central African Republic","r":3,"p":831925,"cap":1},"geometry":{"type":"Point","coordinates":[18.558,4.367]}},{"type":"Feature","properties":{"n":"Thessaloniki","c":"Greece","r":3,"p":828000,"cap":1},"geometry":{"type":"Point","coordinates":[22.883,40.698]}},{"type":"Feature","properties":{"n":"Freetown","c":"Sierra Leone","r":3,"p":827000,"cap":1},"geometry":{"type":"Point","coordinates":[-13.236,8.472]}},{"type":"Feature","properties":{"n":"Cebu","c":"Philippines","r":3,"p":815000,"cap":0},"geometry":{"type":"Point","coordinates":[123.898,10.322]}},{"type":"Feature","properties":{"n":"Valencia","c":"Spain","r":3,"p":808000,"cap":1},"geometry":{"type":"Point","coordinates":[-0.402,39.487]}},{"type":"Feature","properties":{"n":"Oran","c":"Algeria","r":3,"p":798000,"cap":0},"geometry":{"type":"Point","coordinates":[-0.622,35.712]}},{"type":"Feature","properties":{"n":"Chihuahua","c":"Mexico","r":3,"p":793000,"cap":1},"geometry":{"type":"Point","coordinates":[-106.087,28.647]}},{"type":"Feature","properties":{"n":"Oklahoma City","c":"United States of America","r":3,"p":788000,"cap":1},"geometry":{"type":"Point","coordinates":[-97.521,35.472]}},{"type":"Feature","properties":{"n":"Islamabad","c":"Pakistan","r":3,"p":780000,"cap":1},"geometry":{"type":"Point","coordinates":[73.081,33.689]}},{"type":"Feature","properties":{"n":"Campo Grande","c":"Brazil","r":3,"p":778000,"cap":1},"geometry":{"type":"Point","coordinates":[-54.619,-20.448]}},{"type":"Feature","properties":{"n":"Trujillo","c":"Peru","r":3,"p":765171,"cap":1},"geometry":{"type":"Point","coordinates":[-79.02,-8.12]}},{"type":"Feature","properties":{"n":"Cotonou","c":"Benin","r":3,"p":762000,"cap":1},"geometry":{"type":"Point","coordinates":[2.404,6.363]}},{"type":"Feature","properties":{"n":"Vientiane","c":"Laos","r":3,"p":754000,"cap":1},"geometry":{"type":"Point","coordinates":[102.6,17.967]}},{"type":"Feature","properties":{"n":"Ciudad Guayana","c":"Venezuela","r":3,"p":746535,"cap":0},"geometry":{"type":"Point","coordinates":[-62.62,8.37]}},{"type":"Feature","properties":{"n":"Riga","c":"Latvia","r":3,"p":742572,"cap":1},"geometry":{"type":"Point","coordinates":[24.1,56.95]}},{"type":"Feature","properties":{"n":"Nouakchott","c":"Mauritania","r":3,"p":742144,"cap":1},"geometry":{"type":"Point","coordinates":[-15.975,18.086]}},{"type":"Feature","properties":{"n":"Muscat","c":"Oman","r":3,"p":734697,"cap":1},"geometry":{"type":"Point","coordinates":[58.378,23.585]}},{"type":"Feature","properties":{"n":"Sokoto","c":"Nigeria","r":3,"p":732178,"cap":1},"geometry":{"type":"Point","coordinates":[5.24,13.06]}},{"type":"Feature","properties":{"n":"Ashgabat","c":"Turkmenistan","r":3,"p":727700,"cap":1},"geometry":{"type":"Point","coordinates":[58.383,37.95]}},{"type":"Feature","properties":{"n":"Zagreb","c":"Croatia","r":3,"p":722526,"cap":1},"geometry":{"type":"Point","coordinates":[16,45.8]}},{"type":"Feature","properties":{"n":"Acapulco","c":"Mexico","r":3,"p":715584,"cap":0},"geometry":{"type":"Point","coordinates":[-99.916,16.85]}},{"type":"Feature","properties":{"n":"Kandahar","c":"Afghanistan","r":3,"p":715542,"cap":1},"geometry":{"type":"Point","coordinates":[65.695,31.61]}},{"type":"Feature","properties":{"n":"Samarkand","c":"Uzbekistan","r":3,"p":708000,"cap":1},"geometry":{"type":"Point","coordinates":[66.945,39.67]}},{"type":"Feature","properties":{"n":"Bulawayo","c":"Zimbabwe","r":3,"p":699385,"cap":1},"geometry":{"type":"Point","coordinates":[28.58,-20.17]}},{"type":"Feature","properties":{"n":"Sarajevo","c":"Bosnia and Herzegovina","r":3,"p":696731,"cap":1},"geometry":{"type":"Point","coordinates":[18.383,43.85]}},{"type":"Feature","properties":{"n":"Enugu","c":"Nigeria","r":3,"p":688862,"cap":1},"geometry":{"type":"Point","coordinates":[7.5,6.45]}},{"type":"Feature","properties":{"n":"Chișinău","c":"Moldova","r":3,"p":688134,"cap":1},"geometry":{"type":"Point","coordinates":[28.858,47.005]}},{"type":"Feature","properties":{"n":"Lilongwe","c":"Malawi","r":3,"p":646750,"cap":1},"geometry":{"type":"Point","coordinates":[33.783,-13.983]}},{"type":"Feature","properties":{"n":"Kikwit","c":"Congo (Kinshasa)","r":3,"p":637736,"cap":0},"geometry":{"type":"Point","coordinates":[18.85,-5.03]}},{"type":"Feature","properties":{"n":"Winnipeg","c":"Canada","r":3,"p":632063,"cap":1},"geometry":{"type":"Point","coordinates":[-97.166,49.883]}},{"type":"Feature","properties":{"n":"Québec","c":"Canada","r":3,"p":624177,"cap":1},"geometry":{"type":"Point","coordinates":[-71.246,46.84]}},{"type":"Feature","properties":{"n":"Asmara","c":"Eritrea","r":3,"p":620802,"cap":1},"geometry":{"type":"Point","coordinates":[38.933,15.333]}},{"type":"Feature","properties":{"n":"Luxor","c":"Egypt","r":3,"p":609248,"cap":0},"geometry":{"type":"Point","coordinates":[32.65,25.7]}},{"type":"Feature","properties":{"n":"Bandjarmasin","c":"Indonesia","r":3,"p":603576,"cap":1},"geometry":{"type":"Point","coordinates":[114.58,-3.33]}},{"type":"Feature","properties":{"n":"Abu Dhabi","c":"United Arab Emirates","r":3,"p":603492,"cap":1},"geometry":{"type":"Point","coordinates":[54.367,24.467]}},{"type":"Feature","properties":{"n":"Barnaul","c":"Russia","r":3,"p":599579,"cap":1},"geometry":{"type":"Point","coordinates":[83.745,53.355]}},{"type":"Feature","properties":{"n":"Vladivostok","c":"Russia","r":3,"p":587022,"cap":1},"geometry":{"type":"Point","coordinates":[131.91,43.13]}},{"type":"Feature","properties":{"n":"Irkutsk","c":"Russia","r":3,"p":586695,"cap":1},"geometry":{"type":"Point","coordinates":[104.284,52.285]}},{"type":"Feature","properties":{"n":"Hami","c":"China","r":3,"p":580000,"cap":0},"geometry":{"type":"Point","coordinates":[93.515,42.827]}},{"type":"Feature","properties":{"n":"Veracruz","c":"Mexico","r":3,"p":578963,"cap":0},"geometry":{"type":"Point","coordinates":[-96.16,19.177]}},{"type":"Feature","properties":{"n":"Libreville","c":"Gabon","r":3,"p":578156,"cap":1},"geometry":{"type":"Point","coordinates":[9.458,0.385]}},{"type":"Feature","properties":{"n":"Mar del Plata","c":"Argentina","r":3,"p":555897,"cap":0},"geometry":{"type":"Point","coordinates":[-57.58,-38]}},{"type":"Feature","properties":{"n":"Vilnius","c":"Lithuania","r":3,"p":542366,"cap":1},"geometry":{"type":"Point","coordinates":[25.317,54.683]}},{"type":"Feature","properties":{"n":"Cancún","c":"Mexico","r":3,"p":542043,"cap":0},"geometry":{"type":"Point","coordinates":[-86.83,21.17]}},{"type":"Feature","properties":{"n":"Newcastle","c":"Australia","r":3,"p":540796,"cap":0},"geometry":{"type":"Point","coordinates":[151.77,-32.93]}},{"type":"Feature","properties":{"n":"Tomsk","c":"Russia","r":3,"p":535479,"cap":1},"geometry":{"type":"Point","coordinates":[84.975,56.495]}},{"type":"Feature","properties":{"n":"Beira","c":"Mozambique","r":3,"p":530604,"cap":1},"geometry":{"type":"Point","coordinates":[34.87,-19.82]}},{"type":"Feature","properties":{"n":"Kashgar","c":"China","r":3,"p":506640,"cap":0},"geometry":{"type":"Point","coordinates":[75.97,39.476]}},{"type":"Feature","properties":{"n":"Macapá","c":"Brazil","r":3,"p":499166,"cap":1},"geometry":{"type":"Point","coordinates":[-51.05,0.033]}},{"type":"Feature","properties":{"n":"Port Sudan","c":"Sudan","r":3,"p":489725,"cap":1},"geometry":{"type":"Point","coordinates":[37.216,19.616]}},{"type":"Feature","properties":{"n":"Feira de Santana","c":"Brazil","r":3,"p":481911,"cap":0},"geometry":{"type":"Point","coordinates":[-38.97,-12.25]}},{"type":"Feature","properties":{"n":"Tuxtla Gutiérrez","c":"Mexico","r":3,"p":481128,"cap":1},"geometry":{"type":"Point","coordinates":[-93.15,16.75]}},{"type":"Feature","properties":{"n":"Hargeisa","c":"Somaliland","r":3,"p":477876,"cap":1},"geometry":{"type":"Point","coordinates":[44.065,9.56]}},{"type":"Feature","properties":{"n":"Bloemfontein","c":"South Africa","r":3,"p":463064,"cap":1},"geometry":{"type":"Point","coordinates":[26.23,-29.12]}},{"type":"Feature","properties":{"n":"Qaraghandy","c":"Kazakhstan","r":3,"p":451800,"cap":1},"geometry":{"type":"Point","coordinates":[73.115,49.885]}},{"type":"Feature","properties":{"n":"San Cristóbal","c":"Venezuela","r":3,"p":438798,"cap":1},"geometry":{"type":"Point","coordinates":[-72.25,7.77]}},{"type":"Feature","properties":{"n":"Nagasaki","c":"Japan","r":3,"p":435455,"cap":1},"geometry":{"type":"Point","coordinates":[129.885,32.765]}},{"type":"Feature","properties":{"n":"Kolwezi","c":"Congo (Kinshasa)","r":3,"p":418000,"cap":1},"geometry":{"type":"Point","coordinates":[25.472,-10.717]}},{"type":"Feature","properties":{"n":"Hotan","c":"China","r":3,"p":408894,"cap":0},"geometry":{"type":"Point","coordinates":[79.927,37.1]}},{"type":"Feature","properties":{"n":"Zanzibar","c":"Tanzania","r":3,"p":403658,"cap":1},"geometry":{"type":"Point","coordinates":[39.2,-6.16]}},{"type":"Feature","properties":{"n":"Bissau","c":"Guinea Bissau","r":3,"p":403339,"cap":1},"geometry":{"type":"Point","coordinates":[-15.598,11.865]}},{"type":"Feature","properties":{"n":"Kassala","c":"Sudan","r":3,"p":401477,"cap":1},"geometry":{"type":"Point","coordinates":[36.39,15.46]}},{"type":"Feature","properties":{"n":"Surgut","c":"Russia","r":3,"p":400000,"cap":0},"geometry":{"type":"Point","coordinates":[73.425,61.26]}},{"type":"Feature","properties":{"n":"Tallinn","c":"Estonia","r":3,"p":394024,"cap":1},"geometry":{"type":"Point","coordinates":[24.728,59.434]}},{"type":"Feature","properties":{"n":"Wellington","c":"New Zealand","r":3,"p":393400,"cap":1},"geometry":{"type":"Point","coordinates":[174.777,-41.292]}},{"type":"Feature","properties":{"n":"Nyala","c":"Sudan","r":3,"p":392373,"cap":1},"geometry":{"type":"Point","coordinates":[24.89,12.06]}},{"type":"Feature","properties":{"n":"Iloilo","c":"Philippines","r":3,"p":387681,"cap":0},"geometry":{"type":"Point","coordinates":[122.545,10.705]}},{"type":"Feature","properties":{"n":"Des Moines","c":"United States of America","r":3,"p":380655,"cap":1},"geometry":{"type":"Point","coordinates":[-93.62,41.58]}},{"type":"Feature","properties":{"n":"Sevastopol","c":"Russia","r":3,"p":379200,"cap":1},"geometry":{"type":"Point","coordinates":[33.524,44.604]}},{"type":"Feature","properties":{"n":"Valletta","c":"Malta","r":3,"p":368250,"cap":1},"geometry":{"type":"Point","coordinates":[14.515,35.9]}},{"type":"Feature","properties":{"n":"Mazatlán","c":"Mexico","r":3,"p":368204,"cap":0},"geometry":{"type":"Point","coordinates":[-106.42,23.221]}},{"type":"Feature","properties":{"n":"Christchurch","c":"New Zealand","r":3,"p":363200,"cap":1},"geometry":{"type":"Point","coordinates":[172.63,-43.535]}},{"type":"Feature","properties":{"n":"Maseru","c":"Lesotho","r":3,"p":361324,"cap":1},"geometry":{"type":"Point","coordinates":[27.483,-29.317]}},{"type":"Feature","properties":{"n":"Cusco","c":"Peru","r":3,"p":361182,"cap":1},"geometry":{"type":"Point","coordinates":[-71.972,-13.525]}},{"type":"Feature","properties":{"n":"Halifax","c":"Canada","r":3,"p":359111,"cap":1},"geometry":{"type":"Point","coordinates":[-63.6,44.65]}},{"type":"Feature","properties":{"n":"Posadas","c":"Argentina","r":3,"p":357119,"cap":1},"geometry":{"type":"Point","coordinates":[-55.885,-27.358]}},{"type":"Feature","properties":{"n":"Archangel","c":"Russia","r":3,"p":356051,"cap":1},"geometry":{"type":"Point","coordinates":[40.545,64.575]}},{"type":"Feature","properties":{"n":"Nur-Sultan","c":"Kazakhstan","r":3,"p":345604,"cap":1},"geometry":{"type":"Point","coordinates":[71.428,51.181]}},{"type":"Feature","properties":{"n":"Boise","c":"United States of America","r":3,"p":338071,"cap":1},"geometry":{"type":"Point","coordinates":[-116.227,43.609]}},{"type":"Feature","properties":{"n":"Canberra","c":"Australia","r":3,"p":327700,"cap":1},"geometry":{"type":"Point","coordinates":[149.129,-35.283]}},{"type":"Feature","properties":{"n":"Maroua","c":"Cameroon","r":3,"p":319941,"cap":1},"geometry":{"type":"Point","coordinates":[14.325,10.596]}},{"type":"Feature","properties":{"n":"Murmansk","c":"Russia","r":3,"p":319263,"cap":1},"geometry":{"type":"Point","coordinates":[33.1,68.97]}},{"type":"Feature","properties":{"n":"Antofagasta","c":"Chile","r":3,"p":309832,"cap":1},"geometry":{"type":"Point","coordinates":[-70.4,-23.65]}},{"type":"Feature","properties":{"n":"Chita","c":"Russia","r":3,"p":308500,"cap":1},"geometry":{"type":"Point","coordinates":[113.465,52.055]}},{"type":"Feature","properties":{"n":"Bandar Seri Begawan","c":"Brunei","r":3,"p":296500,"cap":1},"geometry":{"type":"Point","coordinates":[114.933,4.883]}},{"type":"Feature","properties":{"n":"Mbeya","c":"Tanzania","r":3,"p":291649,"cap":1},"geometry":{"type":"Point","coordinates":[33.43,-8.89]}},{"type":"Feature","properties":{"n":"Victoria","c":"Canada","r":3,"p":289625,"cap":1},"geometry":{"type":"Point","coordinates":[-123.35,48.433]}},{"type":"Feature","properties":{"n":"Port Moresby","c":"Papua New Guinea","r":3,"p":283733,"cap":1},"geometry":{"type":"Point","coordinates":[147.193,-9.465]}},{"type":"Feature","properties":{"n":"Bahía Blanca","c":"Argentina","r":3,"p":281536,"cap":0},"geometry":{"type":"Point","coordinates":[-62.265,-38.74]}},{"type":"Feature","properties":{"n":"Tacna","c":"Peru","r":3,"p":280098,"cap":1},"geometry":{"type":"Point","coordinates":[-70.25,-18]}},{"type":"Feature","properties":{"n":"Ica","c":"Peru","r":3,"p":279420,"cap":1},"geometry":{"type":"Point","coordinates":[-75.725,-14.068]}},{"type":"Feature","properties":{"n":"Windhoek","c":"Namibia","r":3,"p":268132,"cap":1},"geometry":{"type":"Point","coordinates":[17.084,-22.57]}},{"type":"Feature","properties":{"n":"Georgetown","c":"Guyana","r":3,"p":264350,"cap":1},"geometry":{"type":"Point","coordinates":[-58.167,6.802]}},{"type":"Feature","properties":{"n":"Paramaribo","c":"Suriname","r":3,"p":254169,"cap":1},"geometry":{"type":"Point","coordinates":[-55.167,5.835]}},{"type":"Feature","properties":{"n":"Jackson","c":"United States of America","r":3,"p":250902,"cap":1},"geometry":{"type":"Point","coordinates":[-90.185,32.299]}},{"type":"Feature","properties":{"n":"Bratsk","c":"Russia","r":3,"p":246348,"cap":0},"geometry":{"type":"Point","coordinates":[101.615,56.157]}},{"type":"Feature","properties":{"n":"Matadi","c":"Congo (Kinshasa)","r":3,"p":245862,"cap":1},"geometry":{"type":"Point","coordinates":[13.45,-5.817]}},{"type":"Feature","properties":{"n":"Yakutsk","c":"Russia","r":3,"p":235600,"cap":1},"geometry":{"type":"Point","coordinates":[129.735,62.035]}},{"type":"Feature","properties":{"n":"Boa Vista","c":"Brazil","r":3,"p":235150,"cap":1},"geometry":{"type":"Point","coordinates":[-60.666,2.816]}},{"type":"Feature","properties":{"n":"Dili","c":"East Timor","r":3,"p":234331,"cap":1},"geometry":{"type":"Point","coordinates":[125.579,-8.559]}},{"type":"Feature","properties":{"n":"Santarém","c":"Brazil","r":3,"p":230428,"cap":0},"geometry":{"type":"Point","coordinates":[-54.7,-2.433]}},{"type":"Feature","properties":{"n":"Zinder","c":"Niger","r":3,"p":230358,"cap":1},"geometry":{"type":"Point","coordinates":[8.983,13.8]}},{"type":"Feature","properties":{"n":"Nassau","c":"The Bahamas","r":3,"p":227940,"cap":1},"geometry":{"type":"Point","coordinates":[-77.35,25.083]}},{"type":"Feature","properties":{"n":"Iquique","c":"Chile","r":3,"p":227499,"cap":1},"geometry":{"type":"Point","coordinates":[-70.13,-20.25]}},{"type":"Feature","properties":{"n":"Sucre","c":"Bolivia","r":3,"p":224838,"cap":1},"geometry":{"type":"Point","coordinates":[-65.26,-19.041]}},{"type":"Feature","properties":{"n":"Nacala","c":"Mozambique","r":3,"p":224795,"cap":0},"geometry":{"type":"Point","coordinates":[40.715,-14.519]}},{"type":"Feature","properties":{"n":"Nicosia","c":"Cyprus","r":3,"p":224300,"cap":1},"geometry":{"type":"Point","coordinates":[33.367,35.167]}},{"type":"Feature","properties":{"n":"Lhasa","c":"China","r":3,"p":219599,"cap":1},"geometry":{"type":"Point","coordinates":[91.1,29.645]}},{"type":"Feature","properties":{"n":"Colombo","c":"Sri Lanka","r":3,"p":217000,"cap":1},"geometry":{"type":"Point","coordinates":[79.858,6.932]}},{"type":"Feature","properties":{"n":"Bergen","c":"Norway","r":3,"p":213585,"cap":1},"geometry":{"type":"Point","coordinates":[5.325,60.391]}},{"type":"Feature","properties":{"n":"Gaborone","c":"Botswana","r":3,"p":208411,"cap":1},"geometry":{"type":"Point","coordinates":[25.912,-24.646]}},{"type":"Feature","properties":{"n":"Yamoussoukro","c":"Ivory Coast","r":3,"p":206499,"cap":1},"geometry":{"type":"Point","coordinates":[-5.276,6.818]}},{"type":"Feature","properties":{"n":"Saskatoon","c":"Canada","r":3,"p":198958,"cap":0},"geometry":{"type":"Point","coordinates":[-106.67,52.17]}},{"type":"Feature","properties":{"n":"Tarakan","c":"Indonesia","r":3,"p":193069,"cap":0},"geometry":{"type":"Point","coordinates":[117.633,3.3]}},{"type":"Feature","properties":{"n":"Petropavlovsk-Kamchatsky","c":"Russia","r":3,"p":187282,"cap":1},"geometry":{"type":"Point","coordinates":[158.623,53.062]}},{"type":"Feature","properties":{"n":"Regina","c":"Canada","r":3,"p":176183,"cap":1},"geometry":{"type":"Point","coordinates":[-104.617,50.45]}},{"type":"Feature","properties":{"n":"Suva","c":"Fiji","r":3,"p":175399,"cap":1},"geometry":{"type":"Point","coordinates":[178.442,-18.133]}},{"type":"Feature","properties":{"n":"Puerto Montt","c":"Chile","r":3,"p":174629,"cap":1},"geometry":{"type":"Point","coordinates":[-72.93,-41.47]}},{"type":"Feature","properties":{"n":"Reykjavík","c":"Iceland","r":3,"p":166212,"cap":1},"geometry":{"type":"Point","coordinates":[-21.937,64.143]}},{"type":"Feature","properties":{"n":"Marabá","c":"Brazil","r":3,"p":166182,"cap":0},"geometry":{"type":"Point","coordinates":[-49.116,-5.35]}},{"type":"Feature","properties":{"n":"Bumba","c":"Congo (Kinshasa)","r":3,"p":160539,"cap":0},"geometry":{"type":"Point","coordinates":[22.46,2.19]}},{"type":"Feature","properties":{"n":"Valdivia","c":"Chile","r":3,"p":159599,"cap":1},"geometry":{"type":"Point","coordinates":[-73.233,-39.822]}},{"type":"Feature","properties":{"n":"Abéché","c":"Chad","r":3,"p":158317,"cap":1},"geometry":{"type":"Point","coordinates":[20.83,13.84]}},{"type":"Feature","properties":{"n":"Gondar","c":"Ethiopia","r":3,"p":156230,"cap":1},"geometry":{"type":"Point","coordinates":[37.46,12.61]}},{"type":"Feature","properties":{"n":"Malabo","c":"Equatorial Guinea","r":3,"p":155963,"cap":1},"geometry":{"type":"Point","coordinates":[8.783,3.75]}},{"type":"Feature","properties":{"n":"Jiayuguan","c":"China","r":3,"p":148279,"cap":0},"geometry":{"type":"Point","coordinates":[98.3,39.82]}},{"type":"Feature","properties":{"n":"Trondheim","c":"Norway","r":3,"p":147139,"cap":1},"geometry":{"type":"Point","coordinates":[10.417,63.417]}},{"type":"Feature","properties":{"n":"Comodoro Rivadavia","c":"Argentina","r":3,"p":140850,"cap":0},"geometry":{"type":"Point","coordinates":[-67.5,-45.87]}},{"type":"Feature","properties":{"n":"Townsville","c":"Australia","r":3,"p":138954,"cap":0},"geometry":{"type":"Point","coordinates":[146.77,-19.25]}},{"type":"Feature","properties":{"n":"Caxias","c":"Brazil","r":3,"p":134640,"cap":0},"geometry":{"type":"Point","coordinates":[-43.35,-4.833]}},{"type":"Feature","properties":{"n":"St. John's","c":"Canada","r":3,"p":131469,"cap":1},"geometry":{"type":"Point","coordinates":[-52.681,47.585]}},{"type":"Feature","properties":{"n":"Wau","c":"South Sudan","r":3,"p":127384,"cap":1},"geometry":{"type":"Point","coordinates":[27.99,7.7]}},{"type":"Feature","properties":{"n":"Ghardaia","c":"Algeria","r":3,"p":125480,"cap":0},"geometry":{"type":"Point","coordinates":[3.67,32.49]}},{"type":"Feature","properties":{"n":"Agadez","c":"Niger","r":3,"p":117770,"cap":1},"geometry":{"type":"Point","coordinates":[7.983,16.996]}},{"type":"Feature","properties":{"n":"Punta Arenas","c":"Chile","r":3,"p":117430,"cap":1},"geometry":{"type":"Point","coordinates":[-70.94,-53.165]}},{"type":"Feature","properties":{"n":"Port-Gentil","c":"Gabon","r":3,"p":116836,"cap":1},"geometry":{"type":"Point","coordinates":[8.78,-0.72]}},{"type":"Feature","properties":{"n":"Praia","c":"Cape Verde","r":3,"p":113364,"cap":1},"geometry":{"type":"Point","coordinates":[-23.517,14.917]}},{"type":"Feature","properties":{"n":"Malé","c":"Maldives","r":3,"p":112927,"cap":1},"geometry":{"type":"Point","coordinates":[73.509,4.172]}},{"type":"Feature","properties":{"n":"Sabha","c":"Libya","r":3,"p":100249,"cap":1},"geometry":{"type":"Point","coordinates":[14.433,27.033]}},{"type":"Feature","properties":{"n":"Thunder Bay","c":"Canada","r":3,"p":99334,"cap":0},"geometry":{"type":"Point","coordinates":[-89.275,48.446]}},{"type":"Feature","properties":{"n":"Thimphu","c":"Bhutan","r":3,"p":98676,"cap":1},"geometry":{"type":"Point","coordinates":[89.639,27.473]}},{"type":"Feature","properties":{"n":"Magadan","c":"Russia","r":3,"p":95282,"cap":1},"geometry":{"type":"Point","coordinates":[150.81,59.575]}},{"type":"Feature","properties":{"n":"Darwin","c":"Australia","r":3,"p":93080,"cap":1},"geometry":{"type":"Point","coordinates":[130.85,-12.425]}},{"type":"Feature","properties":{"n":"Santa Fe","c":"United States of America","r":3,"p":92681,"cap":1},"geometry":{"type":"Point","coordinates":[-105.937,35.687]}},{"type":"Feature","properties":{"n":"São Tomé","c":"Sao Tome and Principe","r":3,"p":88219,"cap":1},"geometry":{"type":"Point","coordinates":[6.73,0.337]}},{"type":"Feature","properties":{"n":"Río Gallegos","c":"Argentina","r":3,"p":85700,"cap":1},"geometry":{"type":"Point","coordinates":[-69.217,-51.633]}},{"type":"Feature","properties":{"n":"Hobart","c":"Australia","r":3,"p":80870,"cap":1},"geometry":{"type":"Point","coordinates":[147.295,-42.85]}},{"type":"Feature","properties":{"n":"Erdenet","c":"Mongolia","r":3,"p":79647,"cap":1},"geometry":{"type":"Point","coordinates":[104.118,49.053]}},{"type":"Feature","properties":{"n":"Honiara","c":"Solomon Islands","r":3,"p":76328,"cap":1},"geometry":{"type":"Point","coordinates":[159.95,-9.438]}},{"type":"Feature","properties":{"n":"Tamanrasset","c":"Algeria","r":3,"p":76000,"cap":1},"geometry":{"type":"Point","coordinates":[5.523,22.785]}},{"type":"Feature","properties":{"n":"Riberalta","c":"Bolivia","r":3,"p":74014,"cap":0},"geometry":{"type":"Point","coordinates":[-66.1,-10.983]}},{"type":"Feature","properties":{"n":"Cheyenne","c":"United States of America","r":3,"p":72927,"cap":1},"geometry":{"type":"Point","coordinates":[-104.82,41.14]}},{"type":"Feature","properties":{"n":"Timbuktu","c":"Mali","r":3,"p":68872,"cap":1},"geometry":{"type":"Point","coordinates":[-3.017,16.767]}},{"type":"Feature","properties":{"n":"Ji-Paraná","c":"Brazil","r":3,"p":65016,"cap":0},"geometry":{"type":"Point","coordinates":[-61.967,-10.833]}},{"type":"Feature","properties":{"n":"Bismarck","c":"United States of America","r":3,"p":63871,"cap":1},"geometry":{"type":"Point","coordinates":[-100.783,46.808]}},{"type":"Feature","properties":{"n":"Vilhena","c":"Brazil","r":3,"p":63231,"cap":0},"geometry":{"type":"Point","coordinates":[-60.117,-12.717]}},{"type":"Feature","properties":{"n":"Apia","c":"Samoa","r":3,"p":61916,"cap":1},"geometry":{"type":"Point","coordinates":[-171.769,-13.836]}},{"type":"Feature","properties":{"n":"Cayenne","c":"France","r":3,"p":61550,"cap":1},"geometry":{"type":"Point","coordinates":[-52.33,4.933]}},{"type":"Feature","properties":{"n":"Leticia","c":"Colombia","r":3,"p":59575,"cap":1},"geometry":{"type":"Point","coordinates":[-69.955,-4.201]}},{"type":"Feature","properties":{"n":"Fairbanks","c":"United States of America","r":3,"p":56993,"cap":0},"geometry":{"type":"Point","coordinates":[-147.711,64.837]}},{"type":"Feature","properties":{"n":"Cruzeiro do Sul","c":"Brazil","r":3,"p":56862,"cap":0},"geometry":{"type":"Point","coordinates":[-72.67,-7.63]}},{"type":"Feature","properties":{"n":"Tromsø","c":"Norway","r":3,"p":52436,"cap":1},"geometry":{"type":"Point","coordinates":[18.992,69.635]}},{"type":"Feature","properties":{"n":"Hamilton","c":"Bermuda","r":3,"p":52320,"cap":1},"geometry":{"type":"Point","coordinates":[-64.784,32.294]}},{"type":"Feature","properties":{"n":"Atar","c":"Mauritania","r":3,"p":44265,"cap":1},"geometry":{"type":"Point","coordinates":[-13.05,20.517]}},{"type":"Feature","properties":{"n":"Port Vila","c":"Vanuatu","r":3,"p":44040,"cap":1},"geometry":{"type":"Point","coordinates":[168.317,-17.733]}},{"type":"Feature","properties":{"n":"Nuku'alofa","c":"Tonga","r":3,"p":42620,"cap":1},"geometry":{"type":"Point","coordinates":[-175.221,-21.139]}},{"type":"Feature","properties":{"n":"Charlottetown","c":"Canada","r":3,"p":42402,"cap":1},"geometry":{"type":"Point","coordinates":[-63.131,46.249]}},{"type":"Feature","properties":{"n":"Helena","c":"United States of America","r":3,"p":38725,"cap":1},"geometry":{"type":"Point","coordinates":[-112.035,46.593]}},{"type":"Feature","properties":{"n":"Victoria","c":"Seychelles","r":3,"p":33576,"cap":1},"geometry":{"type":"Point","coordinates":[55.45,-4.617]}},{"type":"Feature","properties":{"n":"Djenné","c":"Mali","r":3,"p":32944,"cap":0},"geometry":{"type":"Point","coordinates":[-4.55,13.9]}},{"type":"Feature","properties":{"n":"Juneau","c":"United States of America","r":3,"p":30711,"cap":1},"geometry":{"type":"Point","coordinates":[-134.401,58.303]}},{"type":"Feature","properties":{"n":"Alice Springs","c":"Australia","r":3,"p":27710,"cap":0},"geometry":{"type":"Point","coordinates":[133.88,-23.701]}},{"type":"Feature","properties":{"n":"Dongola","c":"Sudan","r":3,"p":26404,"cap":1},"geometry":{"type":"Point","coordinates":[30.483,19.167]}},{"type":"Feature","properties":{"n":"Grootfontein","c":"Namibia","r":3,"p":24099,"cap":0},"geometry":{"type":"Point","coordinates":[18.117,-19.567]}},{"type":"Feature","properties":{"n":"Whitehorse","c":"Canada","r":3,"p":23276,"cap":1},"geometry":{"type":"Point","coordinates":[-135.05,60.717]}},{"type":"Feature","properties":{"n":"Yellowknife","c":"Canada","r":3,"p":19234,"cap":1},"geometry":{"type":"Point","coordinates":[-114.397,62.442]}},{"type":"Feature","properties":{"n":"Belmopan","c":"Belize","r":3,"p":15220,"cap":1},"geometry":{"type":"Point","coordinates":[-88.767,17.252]}},{"type":"Feature","properties":{"n":"Nuuk","c":"Greenland","r":3,"p":14798,"cap":1},"geometry":{"type":"Point","coordinates":[-51.733,64.198]}},{"type":"Feature","properties":{"n":"Prince Rupert","c":"Canada","r":3,"p":14708,"cap":0},"geometry":{"type":"Point","coordinates":[-130.33,54.317]}},{"type":"Feature","properties":{"n":"Pierre","c":"United States of America","r":3,"p":13879,"cap":1},"geometry":{"type":"Point","coordinates":[-100.351,44.368]}},{"type":"Feature","properties":{"n":"Menongue","c":"Angola","r":3,"p":13030,"cap":1},"geometry":{"type":"Point","coordinates":[17.7,-14.667]}},{"type":"Feature","properties":{"n":"Obo","c":"Central African Republic","r":3,"p":12887,"cap":1},"geometry":{"type":"Point","coordinates":[26.5,5.4]}},{"type":"Feature","properties":{"n":"N'Délé","c":"Central African Republic","r":3,"p":11764,"cap":1},"geometry":{"type":"Point","coordinates":[20.653,8.409]}},{"type":"Feature","properties":{"n":"Anadyr","c":"Russia","r":3,"p":10332,"cap":1},"geometry":{"type":"Point","coordinates":[177.475,64.737]}},{"type":"Feature","properties":{"n":"Kodiak","c":"United States of America","r":3,"p":9461,"cap":0},"geometry":{"type":"Point","coordinates":[-152.407,57.79]}},{"type":"Feature","properties":{"n":"Bethel","c":"United States of America","r":3,"p":6228,"cap":0},"geometry":{"type":"Point","coordinates":[-161.756,60.793]}},{"type":"Feature","properties":{"n":"Mitú","c":"Colombia","r":3,"p":5917,"cap":1},"geometry":{"type":"Point","coordinates":[-70.174,1.198]}},{"type":"Feature","properties":{"n":"Tiksi","c":"Russia","r":3,"p":5700,"cap":0},"geometry":{"type":"Point","coordinates":[128.835,71.627]}},{"type":"Feature","properties":{"n":"Utqiaġvik","c":"United States of America","r":3,"p":4336,"cap":0},"geometry":{"type":"Point","coordinates":[-156.789,71.291]}},{"type":"Feature","properties":{"n":"Valdez","c":"United States of America","r":3,"p":4036,"cap":0},"geometry":{"type":"Point","coordinates":[-146.348,61.136]}},{"type":"Feature","properties":{"n":"Palana","c":"Russia","r":3,"p":3671,"cap":1},"geometry":{"type":"Point","coordinates":[159.95,59.084]}},{"type":"Feature","properties":{"n":"Nome","c":"United States of America","r":3,"p":3485,"cap":0},"geometry":{"type":"Point","coordinates":[-165.406,64.506]}},{"type":"Feature","properties":{"n":"Puerto Deseado","c":"Argentina","r":3,"p":3305,"cap":0},"geometry":{"type":"Point","coordinates":[-65.9,-47.75]}},{"type":"Feature","properties":{"n":"Prudhoe Bay","c":"United States of America","r":3,"p":2500,"cap":0},"geometry":{"type":"Point","coordinates":[-148.669,70.292]}},{"type":"Feature","properties":{"n":"Stanley","c":"Falkland Islands","r":3,"p":2213,"cap":1},"geometry":{"type":"Point","coordinates":[-57.85,-51.7]}},{"type":"Feature","properties":{"n":"Nain","c":"Canada","r":3,"p":1151,"cap":0},"geometry":{"type":"Point","coordinates":[-61.686,56.547]}},{"type":"Feature","properties":{"n":"Dikson","c":"Russia","r":3,"p":1113,"cap":0},"geometry":{"type":"Point","coordinates":[80.545,73.507]}},{"type":"Feature","properties":{"n":"Churchill","c":"Canada","r":3,"p":1000,"cap":0},"geometry":{"type":"Point","coordinates":[-94.166,58.766]}},{"type":"Feature","properties":{"n":"Naujaat","c":"Canada","r":3,"p":1000,"cap":0},"geometry":{"type":"Point","coordinates":[-86.283,66.529]}},{"type":"Feature","properties":{"n":"Arctic Bay","c":"Canada","r":3,"p":604,"cap":0},"geometry":{"type":"Point","coordinates":[-85.167,73.033]}},{"type":"Feature","properties":{"n":"Fort Good Hope","c":"Canada","r":3,"p":597,"cap":0},"geometry":{"type":"Point","coordinates":[-128.633,66.267]}},{"type":"Feature","properties":{"n":"Point Hope","c":"United States of America","r":3,"p":461,"cap":0},"geometry":{"type":"Point","coordinates":[-166.808,68.348]}},{"type":"Feature","properties":{"n":"Nizhneyansk","c":"Russia","r":3,"p":400,"cap":0},"geometry":{"type":"Point","coordinates":[136.067,71.433]}},{"type":"Feature","properties":{"n":"Resolute","c":"Canada","r":3,"p":250,"cap":0},"geometry":{"type":"Point","coordinates":[-94.9,74.683]}},{"type":"Feature","properties":{"n":"Cold Bay","c":"United States of America","r":3,"p":200,"cap":0},"geometry":{"type":"Point","coordinates":[-162.715,55.2]}},{"type":"Feature","properties":{"n":"Fort Severn","c":"Canada","r":3,"p":125,"cap":0},"geometry":{"type":"Point","coordinates":[-87.65,55.983]}},{"type":"Feature","properties":{"n":"Amaravati","c":"India","r":4,"p":5800000,"cap":1},"geometry":{"type":"Point","coordinates":[80.524,16.534]}},{"type":"Feature","properties":{"n":"Belo Horizonte","c":"Brazil","r":4,"p":5575000,"cap":1},"geometry":{"type":"Point","coordinates":[-43.917,-19.913]}},{"type":"Feature","properties":{"n":"Busan","c":"South Korea","r":4,"p":3480000,"cap":1},"geometry":{"type":"Point","coordinates":[129.008,35.097]}},{"type":"Feature","properties":{"n":"Nagoya","c":"Japan","r":4,"p":3230000,"cap":1},"geometry":{"type":"Point","coordinates":[136.913,35.157]}},{"type":"Feature","properties":{"n":"Dalian","c":"China","r":4,"p":3167000,"cap":0},"geometry":{"type":"Point","coordinates":[121.628,38.925]}},{"type":"Feature","properties":{"n":"Qingdao","c":"China","r":4,"p":2866000,"cap":0},"geometry":{"type":"Point","coordinates":[120.328,36.092]}},{"type":"Feature","properties":{"n":"Fukuoka","c":"Japan","r":4,"p":2792000,"cap":1},"geometry":{"type":"Point","coordinates":[130.408,33.597]}},{"type":"Feature","properties":{"n":"Campinas","c":"Brazil","r":4,"p":2791000,"cap":0},"geometry":{"type":"Point","coordinates":[-47.056,-22.908]}},{"type":"Feature","properties":{"n":"Lucknow","c":"India","r":4,"p":2695000,"cap":1},"geometry":{"type":"Point","coordinates":[80.913,26.857]}},{"type":"Feature","properties":{"n":"Taichung","c":"Taiwan","r":4,"p":2629323,"cap":1},"geometry":{"type":"Point","coordinates":[120.682,24.152]}},{"type":"Feature","properties":{"n":"Ibadan","c":"Nigeria","r":4,"p":2628000,"cap":1},"geometry":{"type":"Point","coordinates":[3.928,7.382]}},{"type":"Feature","properties":{"n":"İzmir","c":"Turkey","r":4,"p":2587000,"cap":1},"geometry":{"type":"Point","coordinates":[27.15,38.438]}},{"type":"Feature","properties":{"n":"Incheon","c":"South Korea","r":4,"p":2550000,"cap":1},"geometry":{"type":"Point","coordinates":[126.64,37.478]}},{"type":"Feature","properties":{"n":"Xiamen","c":"China","r":4,"p":2519000,"cap":0},"geometry":{"type":"Point","coordinates":[118.078,24.452]}},{"type":"Feature","properties":{"n":"George Town","c":"Malaysia","r":4,"p":2500000,"cap":1},"geometry":{"type":"Point","coordinates":[100.329,5.414]}},{"type":"Feature","properties":{"n":"Jinxi","c":"China","r":4,"p":2426000,"cap":0},"geometry":{"type":"Point","coordinates":[120.828,40.752]}},{"type":"Feature","properties":{"n":"Shijiazhuang","c":"China","r":4,"p":2417000,"cap":1},"geometry":{"type":"Point","coordinates":[114.478,38.052]}},{"type":"Feature","properties":{"n":"Jilin","c":"China","r":4,"p":2396000,"cap":0},"geometry":{"type":"Point","coordinates":[126.548,43.852]}},{"type":"Feature","properties":{"n":"Omdurman","c":"Sudan","r":4,"p":2395159,"cap":1},"geometry":{"type":"Point","coordinates":[32.48,15.617]}},{"type":"Feature","properties":{"n":"Wenzhou","c":"China","r":4,"p":2350000,"cap":0},"geometry":{"type":"Point","coordinates":[120.648,28.022]}},{"type":"Feature","properties":{"n":"Birmingham","c":"United Kingdom","r":4,"p":2285000,"cap":0},"geometry":{"type":"Point","coordinates":[-1.922,52.477]}},{"type":"Feature","properties":{"n":"Baltimore","c":"United States of America","r":4,"p":2255000,"cap":0},"geometry":{"type":"Point","coordinates":[-76.615,39.282]}},{"type":"Feature","properties":{"n":"Sendai","c":"Japan","r":4,"p":2250000,"cap":1},"geometry":{"type":"Point","coordinates":[140.87,38.268]}},{"type":"Feature","properties":{"n":"Manchester","c":"United Kingdom","r":4,"p":2230000,"cap":0},"geometry":{"type":"Point","coordinates":[-2.249,53.475]}},{"type":"Feature","properties":{"n":"Nanchong","c":"China","r":4,"p":2174000,"cap":0},"geometry":{"type":"Point","coordinates":[106.128,30.782]}},{"type":"Feature","properties":{"n":"Zaozhuang","c":"China","r":4,"p":2145000,"cap":0},"geometry":{"type":"Point","coordinates":[117.568,34.882]}},{"type":"Feature","properties":{"n":"Yantai","c":"China","r":4,"p":2116000,"cap":0},"geometry":{"type":"Point","coordinates":[121.398,37.532]}},{"type":"Feature","properties":{"n":"Xuzhou","c":"China","r":4,"p":2091000,"cap":0},"geometry":{"type":"Point","coordinates":[117.178,34.282]}},{"type":"Feature","properties":{"n":"Linyi","c":"China","r":4,"p":2082000,"cap":0},"geometry":{"type":"Point","coordinates":[118.328,35.082]}},{"type":"Feature","properties":{"n":"Hefei","c":"China","r":4,"p":2035000,"cap":1},"geometry":{"type":"Point","coordinates":[117.278,31.852]}},{"type":"Feature","properties":{"n":"Indore","c":"India","r":4,"p":2026000,"cap":0},"geometry":{"type":"Point","coordinates":[75.863,22.717]}},{"type":"Feature","properties":{"n":"Haiphong","c":"Vietnam","r":4,"p":1969000,"cap":1},"geometry":{"type":"Point","coordinates":[106.678,20.832]}},{"type":"Feature","properties":{"n":"Suzhou","c":"China","r":4,"p":1964000,"cap":0},"geometry":{"type":"Point","coordinates":[116.977,33.638]}},{"type":"Feature","properties":{"n":"Nanyang","c":"China","r":4,"p":1944000,"cap":0},"geometry":{"type":"Point","coordinates":[112.528,33.002]}},{"type":"Feature","properties":{"n":"Ningbo","c":"China","r":4,"p":1923000,"cap":0},"geometry":{"type":"Point","coordinates":[121.548,29.882]}},{"type":"Feature","properties":{"n":"Douala","c":"Cameroon","r":4,"p":1906000,"cap":1},"geometry":{"type":"Point","coordinates":[9.708,4.062]}},{"type":"Feature","properties":{"n":"Kyoto","c":"Japan","r":4,"p":1805000,"cap":1},"geometry":{"type":"Point","coordinates":[135.748,35.032]}},{"type":"Feature","properties":{"n":"Barranquilla","c":"Colombia","r":4,"p":1798000,"cap":1},"geometry":{"type":"Point","coordinates":[-74.802,10.962]}},{"type":"Feature","properties":{"n":"Vadodara","c":"India","r":4,"p":1756000,"cap":0},"geometry":{"type":"Point","coordinates":[73.178,22.312]}},{"type":"Feature","properties":{"n":"Wuxi","c":"China","r":4,"p":1749000,"cap":0},"geometry":{"type":"Point","coordinates":[120.298,31.582]}},{"type":"Feature","properties":{"n":"San Bernardino","c":"United States of America","r":4,"p":1745000,"cap":0},"geometry":{"type":"Point","coordinates":[-117.302,34.122]}},{"type":"Feature","properties":{"n":"Hohhot","c":"China","r":4,"p":1726000,"cap":1},"geometry":{"type":"Point","coordinates":[111.658,40.822]}},{"type":"Feature","properties":{"n":"Daqing","c":"China","r":4,"p":1693000,"cap":0},"geometry":{"type":"Point","coordinates":[124.998,46.582]}},{"type":"Feature","properties":{"n":"Suzhou","c":"China","r":4,"p":1650000,"cap":0},"geometry":{"type":"Point","coordinates":[120.618,31.302]}},{"type":"Feature","properties":{"n":"Ludhiana","c":"India","r":4,"p":1649000,"cap":0},"geometry":{"type":"Point","coordinates":[75.87,30.93]}},{"type":"Feature","properties":{"n":"Anshan","c":"China","r":4,"p":1639000,"cap":0},"geometry":{"type":"Point","coordinates":[122.938,41.117]}},{"type":"Feature","properties":{"n":"Handan","c":"China","r":4,"p":1631000,"cap":0},"geometry":{"type":"Point","coordinates":[114.478,36.582]}},{"type":"Feature","properties":{"n":"Agra","c":"India","r":4,"p":1592000,"cap":0},"geometry":{"type":"Point","coordinates":[78.013,27.172]}},{"type":"Feature","properties":{"n":"Zhanjiang","c":"China","r":4,"p":1590000,"cap":0},"geometry":{"type":"Point","coordinates":[110.378,21.202]}},{"type":"Feature","properties":{"n":"Khulna","c":"Bangladesh","r":4,"p":1553000,"cap":1},"geometry":{"type":"Point","coordinates":[89.558,22.842]}},{"type":"Feature","properties":{"n":"Santiago","c":"Dominican Republic","r":4,"p":1550753,"cap":1},"geometry":{"type":"Point","coordinates":[-70.67,19.5]}},{"type":"Feature","properties":{"n":"Kochi","c":"India","r":4,"p":1519000,"cap":0},"geometry":{"type":"Point","coordinates":[76.222,10.017]}},{"type":"Feature","properties":{"n":"Gujranwala","c":"Pakistan","r":4,"p":1513000,"cap":0},"geometry":{"type":"Point","coordinates":[74.183,32.162]}},{"type":"Feature","properties":{"n":"Florence","c":"Italy","r":4,"p":1500000,"cap":1},"geometry":{"type":"Point","coordinates":[11.25,43.78]}},{"type":"Feature","properties":{"n":"Bursa","c":"Turkey","r":4,"p":1492000,"cap":1},"geometry":{"type":"Point","coordinates":[29.068,40.202]}},{"type":"Feature","properties":{"n":"León","c":"Mexico","r":4,"p":1488000,"cap":0},"geometry":{"type":"Point","coordinates":[-101.702,21.152]}},{"type":"Feature","properties":{"n":"Nasik","c":"India","r":4,"p":1473000,"cap":0},"geometry":{"type":"Point","coordinates":[73.778,20.002]}},{"type":"Feature","properties":{"n":"Kansas City","c":"United States of America","r":4,"p":1469000,"cap":0},"geometry":{"type":"Point","coordinates":[-94.606,39.109]}},{"type":"Feature","properties":{"n":"Daejeon","c":"South Korea","r":4,"p":1468000,"cap":1},"geometry":{"type":"Point","coordinates":[127.423,36.337]}},{"type":"Feature","properties":{"n":"Neijiang","c":"China","r":4,"p":1466000,"cap":0},"geometry":{"type":"Point","coordinates":[105.048,29.582]}},{"type":"Feature","properties":{"n":"Quanzhou","c":"China","r":4,"p":1463000,"cap":0},"geometry":{"type":"Point","coordinates":[118.578,24.902]}},{"type":"Feature","properties":{"n":"Kharkiv","c":"Ukraine","r":4,"p":1461000,"cap":1},"geometry":{"type":"Point","coordinates":[36.248,50.002]}},{"type":"Feature","properties":{"n":"Doha","c":"Qatar","r":4,"p":1450000,"cap":1},"geometry":{"type":"Point","coordinates":[51.533,25.287]}},{"type":"Feature","properties":{"n":"Kaduna","c":"Nigeria","r":4,"p":1442000,"cap":1},"geometry":{"type":"Point","coordinates":[7.438,10.522]}},{"type":"Feature","properties":{"n":"Ft.  Worth","c":"United States of America","r":4,"p":1440454,"cap":0},"geometry":{"type":"Point","coordinates":[-97.34,32.74]}},{"type":"Feature","properties":{"n":"Gwangju","c":"South Korea","r":4,"p":1440000,"cap":1},"geometry":{"type":"Point","coordinates":[126.908,35.173]}},{"type":"Feature","properties":{"n":"Indianapolis","c":"United States of America","r":4,"p":1436000,"cap":1},"geometry":{"type":"Point","coordinates":[-86.172,39.752]}},{"type":"Feature","properties":{"n":"Tabriz","c":"Iran","r":4,"p":1413000,"cap":1},"geometry":{"type":"Point","coordinates":[46.299,38.088]}},{"type":"Feature","properties":{"n":"The Hague","c":"Netherlands","r":4,"p":1406000,"cap":1},"geometry":{"type":"Point","coordinates":[4.27,52.08]}},{"type":"Feature","properties":{"n":"Marseille","c":"France","r":4,"p":1400000,"cap":1},"geometry":{"type":"Point","coordinates":[5.373,43.292]}},{"type":"Feature","properties":{"n":"Meerut","c":"India","r":4,"p":1398000,"cap":0},"geometry":{"type":"Point","coordinates":[77.698,29.002]}},{"type":"Feature","properties":{"n":"Mianyang","c":"China","r":4,"p":1396000,"cap":0},"geometry":{"type":"Point","coordinates":[104.69,31.465]}},{"type":"Feature","properties":{"n":"Faridabad","c":"India","r":4,"p":1394000,"cap":0},"geometry":{"type":"Point","coordinates":[77.315,28.435]}},{"type":"Feature","properties":{"n":"Orlando","c":"United States of America","r":4,"p":1350000,"cap":0},"geometry":{"type":"Point","coordinates":[-81.382,28.512]}},{"type":"Feature","properties":{"n":"Ghaziabad","c":"India","r":4,"p":1341000,"cap":0},"geometry":{"type":"Point","coordinates":[77.406,28.662]}},{"type":"Feature","properties":{"n":"Mosul","c":"Iraq","r":4,"p":1316000,"cap":1},"geometry":{"type":"Point","coordinates":[43.143,36.347]}},{"type":"Feature","properties":{"n":"Mandalay","c":"Myanmar","r":4,"p":1300000,"cap":1},"geometry":{"type":"Point","coordinates":[96.083,21.972]}},{"type":"Feature","properties":{"n":"Mbuji-Mayi","c":"Congo (Kinshasa)","r":4,"p":1295000,"cap":1},"geometry":{"type":"Point","coordinates":[23.598,-6.148]}},{"type":"Feature","properties":{"n":"Adana","c":"Turkey","r":4,"p":1293000,"cap":1},"geometry":{"type":"Point","coordinates":[35.318,36.997]}},{"type":"Feature","properties":{"n":"Jabalpur","c":"India","r":4,"p":1285000,"cap":0},"geometry":{"type":"Point","coordinates":[79.953,23.177]}},{"type":"Feature","properties":{"n":"Chifeng","c":"China","r":4,"p":1277000,"cap":0},"geometry":{"type":"Point","coordinates":[118.948,42.272]}},{"type":"Feature","properties":{"n":"Huaiyin","c":"China","r":4,"p":1264000,"cap":0},"geometry":{"type":"Point","coordinates":[119.066,33.585]}},{"type":"Feature","properties":{"n":"Rajkot","c":"India","r":4,"p":1260000,"cap":0},"geometry":{"type":"Point","coordinates":[70.798,22.312]}},{"type":"Feature","properties":{"n":"Dhanbad","c":"India","r":4,"p":1246000,"cap":0},"geometry":{"type":"Point","coordinates":[86.418,23.802]}},{"type":"Feature","properties":{"n":"Tianshui","c":"China","r":4,"p":1225000,"cap":0},"geometry":{"type":"Point","coordinates":[105.918,34.602]}},{"type":"Feature","properties":{"n":"Liupanshui","c":"China","r":4,"p":1221000,"cap":0},"geometry":{"type":"Point","coordinates":[104.831,26.596]}},{"type":"Feature","properties":{"n":"Vila Velha","c":"Brazil","r":4,"p":1209091,"cap":0},"geometry":{"type":"Point","coordinates":[-40.29,-20.338]}},{"type":"Feature","properties":{"n":"Rosario","c":"Argentina","r":4,"p":1203000,"cap":0},"geometry":{"type":"Point","coordinates":[-60.668,-32.949]}},{"type":"Feature","properties":{"n":"Allahabad","c":"India","r":4,"p":1201000,"cap":0},"geometry":{"type":"Point","coordinates":[81.838,25.457]}},{"type":"Feature","properties":{"n":"Benin City","c":"Nigeria","r":4,"p":1190000,"cap":1},"geometry":{"type":"Point","coordinates":[5.618,6.342]}},{"type":"Feature","properties":{"n":"Maceió","c":"Brazil","r":4,"p":1186000,"cap":1},"geometry":{"type":"Point","coordinates":[-35.732,-9.618]}},{"type":"Feature","properties":{"n":"Austin","c":"United States of America","r":4,"p":1161000,"cap":1},"geometry":{"type":"Point","coordinates":[-97.745,30.269]}},{"type":"Feature","properties":{"n":"Torreón","c":"Mexico","r":4,"p":1144000,"cap":0},"geometry":{"type":"Point","coordinates":[-103.422,25.572]}},{"type":"Feature","properties":{"n":"Srinagar","c":"India","r":4,"p":1140000,"cap":1},"geometry":{"type":"Point","coordinates":[74.828,34.069]}},{"type":"Feature","properties":{"n":"Vijayawada","c":"India","r":4,"p":1137000,"cap":0},"geometry":{"type":"Point","coordinates":[80.628,16.522]}},{"type":"Feature","properties":{"n":"Omsk","c":"Russia","r":4,"p":1135000,"cap":1},"geometry":{"type":"Point","coordinates":[73.398,54.992]}},{"type":"Feature","properties":{"n":"Yulin","c":"China","r":4,"p":1127000,"cap":0},"geometry":{"type":"Point","coordinates":[110.148,22.632]}},{"type":"Feature","properties":{"n":"Aurangabad","c":"India","r":4,"p":1113000,"cap":0},"geometry":{"type":"Point","coordinates":[75.329,19.862]}},{"type":"Feature","properties":{"n":"Ankang","c":"China","r":4,"p":1100000,"cap":0},"geometry":{"type":"Point","coordinates":[109.02,32.68]}},{"type":"Feature","properties":{"n":"Chelyabinsk","c":"Russia","r":4,"p":1091000,"cap":1},"geometry":{"type":"Point","coordinates":[61.437,55.157]}},{"type":"Feature","properties":{"n":"Natal","c":"Brazil","r":4,"p":1088000,"cap":1},"geometry":{"type":"Point","coordinates":[-35.242,-5.778]}},{"type":"Feature","properties":{"n":"Sholapur","c":"India","r":4,"p":1057000,"cap":0},"geometry":{"type":"Point","coordinates":[75.898,17.672]}},{"type":"Feature","properties":{"n":"Rostov","c":"Russia","r":4,"p":1052000,"cap":1},"geometry":{"type":"Point","coordinates":[39.711,47.237]}},{"type":"Feature","properties":{"n":"Dnipro","c":"Ukraine","r":4,"p":1050000,"cap":1},"geometry":{"type":"Point","coordinates":[34.998,48.482]}},{"type":"Feature","properties":{"n":"Ranchi","c":"India","r":4,"p":1044000,"cap":1},"geometry":{"type":"Point","coordinates":[85.328,23.372]}},{"type":"Feature","properties":{"n":"São Luís","c":"Brazil","r":4,"p":1038000,"cap":1},"geometry":{"type":"Point","coordinates":[-44.268,-2.514]}},{"type":"Feature","properties":{"n":"Port Harcourt","c":"Nigeria","r":4,"p":1020000,"cap":1},"geometry":{"type":"Point","coordinates":[7.008,4.812]}},{"type":"Feature","properties":{"n":"Jiamusi","c":"China","r":4,"p":1020000,"cap":0},"geometry":{"type":"Point","coordinates":[130.348,46.832]}},{"type":"Feature","properties":{"n":"Bridgeport","c":"United States of America","r":4,"p":1018000,"cap":0},"geometry":{"type":"Point","coordinates":[-73.202,41.182]}},{"type":"Feature","properties":{"n":"Hengyang","c":"China","r":4,"p":1016000,"cap":0},"geometry":{"type":"Point","coordinates":[112.588,26.882]}},{"type":"Feature","properties":{"n":"Medina","c":"Saudi Arabia","r":4,"p":1010000,"cap":1},"geometry":{"type":"Point","coordinates":[39.578,24.502]}},{"type":"Feature","properties":{"n":"Da Nang","c":"Vietnam","r":4,"p":1000000,"cap":1},"geometry":{"type":"Point","coordinates":[108.25,16.06]}},{"type":"Feature","properties":{"n":"Baoshan","c":"China","r":4,"p":1000000,"cap":0},"geometry":{"type":"Point","coordinates":[99.15,25.12]}},{"type":"Feature","properties":{"n":"Ahvaz","c":"Iran","r":4,"p":996000,"cap":1},"geometry":{"type":"Point","coordinates":[48.718,31.282]}},{"type":"Feature","properties":{"n":"Jodhpur","c":"India","r":4,"p":995000,"cap":0},"geometry":{"type":"Point","coordinates":[73.015,26.294]}},{"type":"Feature","properties":{"n":"San Luis Potosí","c":"Mexico","r":4,"p":992000,"cap":1},"geometry":{"type":"Point","coordinates":[-101.002,22.172]}},{"type":"Feature","properties":{"n":"Odessa","c":"Ukraine","r":4,"p":991000,"cap":1},"geometry":{"type":"Point","coordinates":[30.708,46.492]}},{"type":"Feature","properties":{"n":"Jacksonville","c":"United States of America","r":4,"p":988000,"cap":0},"geometry":{"type":"Point","coordinates":[-81.672,30.332]}},{"type":"Feature","properties":{"n":"Donetsk","c":"Ukraine","r":4,"p":988000,"cap":1},"geometry":{"type":"Point","coordinates":[37.828,48.002]}},{"type":"Feature","properties":{"n":"Guwahati","c":"India","r":4,"p":983000,"cap":0},"geometry":{"type":"Point","coordinates":[91.768,26.162]}},{"type":"Feature","properties":{"n":"Chandigarh","c":"India","r":4,"p":979000,"cap":1},"geometry":{"type":"Point","coordinates":[76.778,30.722]}},{"type":"Feature","properties":{"n":"Gwalior","c":"India","r":4,"p":978000,"cap":0},"geometry":{"type":"Point","coordinates":[78.169,26.2]}},{"type":"Feature","properties":{"n":"Jixi","c":"China","r":4,"p":965000,"cap":0},"geometry":{"type":"Point","coordinates":[130.968,45.302]}},{"type":"Feature","properties":{"n":"Thiruvananthapuram","c":"India","r":4,"p":954000,"cap":1},"geometry":{"type":"Point","coordinates":[76.925,8.516]}},{"type":"Feature","properties":{"n":"Ogbomosho","c":"Nigeria","r":4,"p":951000,"cap":0},"geometry":{"type":"Point","coordinates":[4.238,8.132]}},{"type":"Feature","properties":{"n":"Tiruchirappalli","c":"India","r":4,"p":951000,"cap":0},"geometry":{"type":"Point","coordinates":[78.688,10.801]}},{"type":"Feature","properties":{"n":"General Santos","c":"Philippines","r":4,"p":950530,"cap":0},"geometry":{"type":"Point","coordinates":[125.175,6.111]}},{"type":"Feature","properties":{"n":"Tulsa","c":"United States of America","r":4,"p":946962,"cap":0},"geometry":{"type":"Point","coordinates":[-95.93,36.12]}},{"type":"Feature","properties":{"n":"Djibouti","c":"Djibouti","r":4,"p":923000,"cap":1},"geometry":{"type":"Point","coordinates":[43.148,11.595]}},{"type":"Feature","properties":{"n":"Konya","c":"Turkey","r":4,"p":919000,"cap":1},"geometry":{"type":"Point","coordinates":[32.473,37.877]}},{"type":"Feature","properties":{"n":"Richmond","c":"United States of America","r":4,"p":912000,"cap":1},"geometry":{"type":"Point","coordinates":[-77.452,37.552]}},{"type":"Feature","properties":{"n":"Teresina","c":"Brazil","r":4,"p":907000,"cap":1},"geometry":{"type":"Point","coordinates":[-42.782,-5.093]}},{"type":"Feature","properties":{"n":"Naha","c":"Japan","r":4,"p":905238,"cap":1},"geometry":{"type":"Point","coordinates":[127.673,26.207]}},{"type":"Feature","properties":{"n":"Albuquerque","c":"United States of America","r":4,"p":898642,"cap":0},"geometry":{"type":"Point","coordinates":[-106.641,35.105]}},{"type":"Feature","properties":{"n":"Maiduguri","c":"Nigeria","r":4,"p":896000,"cap":1},"geometry":{"type":"Point","coordinates":[13.158,11.852]}},{"type":"Feature","properties":{"n":"Hubballi","c":"India","r":4,"p":890000,"cap":0},"geometry":{"type":"Point","coordinates":[75.123,15.362]}},{"type":"Feature","properties":{"n":"Mysuru","c":"India","r":4,"p":887000,"cap":0},"geometry":{"type":"Point","coordinates":[76.658,12.312]}},{"type":"Feature","properties":{"n":"Mexicali","c":"Mexico","r":4,"p":885000,"cap":1},"geometry":{"type":"Point","coordinates":[-115.482,32.652]}},{"type":"Feature","properties":{"n":"Tongliao","c":"China","r":4,"p":884000,"cap":0},"geometry":{"type":"Point","coordinates":[122.268,43.622]}},{"type":"Feature","properties":{"n":"Bilbao","c":"Spain","r":4,"p":875552,"cap":0},"geometry":{"type":"Point","coordinates":[-2.93,43.25]}},{"type":"Feature","properties":{"n":"Raipur","c":"India","r":4,"p":875000,"cap":1},"geometry":{"type":"Point","coordinates":[81.633,21.237]}},{"type":"Feature","properties":{"n":"Salem","c":"India","r":4,"p":873000,"cap":0},"geometry":{"type":"Point","coordinates":[78.178,11.672]}},{"type":"Feature","properties":{"n":"Basra","c":"Iraq","r":4,"p":870000,"cap":1},"geometry":{"type":"Point","coordinates":[47.812,30.515]}},{"type":"Feature","properties":{"n":"Bandar Lampung","c":"Indonesia","r":4,"p":865000,"cap":1},"geometry":{"type":"Point","coordinates":[105.268,-5.428]}},{"type":"Feature","properties":{"n":"Kigali","c":"Rwanda","r":4,"p":860000,"cap":1},"geometry":{"type":"Point","coordinates":[30.059,-1.952]}},{"type":"Feature","properties":{"n":"Jullundur","c":"India","r":4,"p":855000,"cap":0},"geometry":{"type":"Point","coordinates":[75.567,31.337]}},{"type":"Feature","properties":{"n":"Shache","c":"China","r":4,"p":851374,"cap":0},"geometry":{"type":"Point","coordinates":[77.25,38.426]}},{"type":"Feature","properties":{"n":"Voronezh","c":"Russia","r":4,"p":844000,"cap":1},"geometry":{"type":"Point","coordinates":[39.187,51.665]}},{"type":"Feature","properties":{"n":"Saratov","c":"Russia","r":4,"p":843000,"cap":1},"geometry":{"type":"Point","coordinates":[46.028,51.582]}},{"type":"Feature","properties":{"n":"Warri","c":"Nigeria","r":4,"p":830106,"cap":0},"geometry":{"type":"Point","coordinates":[5.76,5.52]}},{"type":"Feature","properties":{"n":"Tucumán","c":"Argentina","r":4,"p":830000,"cap":1},"geometry":{"type":"Point","coordinates":[-65.219,-26.814]}},{"type":"Feature","properties":{"n":"Kota","c":"India","r":4,"p":827000,"cap":0},"geometry":{"type":"Point","coordinates":[75.833,25.182]}},{"type":"Feature","properties":{"n":"Yueyang","c":"China","r":4,"p":826000,"cap":0},"geometry":{"type":"Point","coordinates":[113.098,29.382]}},{"type":"Feature","properties":{"n":"Tucson","c":"United States of America","r":4,"p":823000,"cap":0},"geometry":{"type":"Point","coordinates":[-110.892,32.207]}},{"type":"Feature","properties":{"n":"Arequipa","c":"Peru","r":4,"p":815000,"cap":1},"geometry":{"type":"Point","coordinates":[-71.532,-16.418]}},{"type":"Feature","properties":{"n":"Rajshahi","c":"Bangladesh","r":4,"p":810000,"cap":1},"geometry":{"type":"Point","coordinates":[88.603,24.377]}},{"type":"Feature","properties":{"n":"Culiacán","c":"Mexico","r":4,"p":809000,"cap":1},"geometry":{"type":"Point","coordinates":[-107.382,24.832]}},{"type":"Feature","properties":{"n":"Cuiabá","c":"Brazil","r":4,"p":806000,"cap":1},"geometry":{"type":"Point","coordinates":[-56.087,-15.568]}},{"type":"Feature","properties":{"n":"Aligarh","c":"India","r":4,"p":805000,"cap":0},"geometry":{"type":"Point","coordinates":[78.06,27.894]}},{"type":"Feature","properties":{"n":"Malang","c":"Indonesia","r":4,"p":805000,"cap":0},"geometry":{"type":"Point","coordinates":[112.608,-7.978]}},{"type":"Feature","properties":{"n":"Lviv","c":"Ukraine","r":4,"p":803880,"cap":1},"geometry":{"type":"Point","coordinates":[24.03,49.835]}},{"type":"Feature","properties":{"n":"Bordeaux","c":"France","r":4,"p":803000,"cap":1},"geometry":{"type":"Point","coordinates":[-0.597,44.852]}},{"type":"Feature","properties":{"n":"Jammu","c":"India","r":4,"p":791000,"cap":0},"geometry":{"type":"Point","coordinates":[74.845,32.714]}},{"type":"Feature","properties":{"n":"Moradabad","c":"India","r":4,"p":787000,"cap":0},"geometry":{"type":"Point","coordinates":[78.755,28.844]}},{"type":"Feature","properties":{"n":"Mangaluru","c":"India","r":4,"p":776632,"cap":0},"geometry":{"type":"Point","coordinates":[74.85,12.9]}},{"type":"Feature","properties":{"n":"Zamboanga","c":"Philippines","r":4,"p":773000,"cap":0},"geometry":{"type":"Point","coordinates":[122.078,6.922]}},{"type":"Feature","properties":{"n":"Quetta","c":"Pakistan","r":4,"p":768000,"cap":1},"geometry":{"type":"Point","coordinates":[67.023,30.222]}},{"type":"Feature","properties":{"n":"Kananga","c":"Congo (Kinshasa)","r":4,"p":765000,"cap":1},"geometry":{"type":"Point","coordinates":[22.398,-5.888]}},{"type":"Feature","properties":{"n":"Kraków","c":"Poland","r":4,"p":756000,"cap":1},"geometry":{"type":"Point","coordinates":[19.958,50.062]}},{"type":"Feature","properties":{"n":"Rochester","c":"United States of America","r":4,"p":755000,"cap":0},"geometry":{"type":"Point","coordinates":[-77.622,43.172]}},{"type":"Feature","properties":{"n":"El Paso","c":"United States of America","r":4,"p":753000,"cap":0},"geometry":{"type":"Point","coordinates":[-106.512,31.782]}},{"type":"Feature","properties":{"n":"Taizz","c":"Yemen","r":4,"p":751000,"cap":1},"geometry":{"type":"Point","coordinates":[44.037,13.606]}},{"type":"Feature","properties":{"n":"Kolhapur","c":"India","r":4,"p":750000,"cap":0},"geometry":{"type":"Point","coordinates":[74.22,16.7]}},{"type":"Feature","properties":{"n":"Gdańsk","c":"Poland","r":4,"p":740000,"cap":1},"geometry":{"type":"Point","coordinates":[18.64,54.36]}},{"type":"Feature","properties":{"n":"St.  Paul","c":"United States of America","r":4,"p":734854,"cap":1},"geometry":{"type":"Point","coordinates":[-93.085,44.944]}},{"type":"Feature","properties":{"n":"Shaoguan","c":"China","r":4,"p":720266,"cap":0},"geometry":{"type":"Point","coordinates":[113.58,24.8]}},{"type":"Feature","properties":{"n":"Catania","c":"Italy","r":4,"p":674542,"cap":0},"geometry":{"type":"Point","coordinates":[15.08,37.5]}},{"type":"Feature","properties":{"n":"Najaf","c":"Iraq","r":4,"p":665552,"cap":1},"geometry":{"type":"Point","coordinates":[44.335,32]}},{"type":"Feature","properties":{"n":"Syracuse","c":"United States of America","r":4,"p":662577,"cap":0},"geometry":{"type":"Point","coordinates":[-76.15,43.05]}},{"type":"Feature","properties":{"n":"Pointe-Noire","c":"Congo (Brazzaville)","r":4,"p":659084,"cap":1},"geometry":{"type":"Point","coordinates":[11.88,-4.77]}},{"type":"Feature","properties":{"n":"Knoxville","c":"United States of America","r":4,"p":655400,"cap":0},"geometry":{"type":"Point","coordinates":[-83.92,35.97]}},{"type":"Feature","properties":{"n":"Andijan","c":"Uzbekistan","r":4,"p":650000,"cap":1},"geometry":{"type":"Point","coordinates":[72.34,40.79]}},{"type":"Feature","properties":{"n":"Krasnodar","c":"Russia","r":4,"p":649851,"cap":1},"geometry":{"type":"Point","coordinates":[39,45.02]}},{"type":"Feature","properties":{"n":"Ulyanovsk","c":"Russia","r":4,"p":640680,"cap":1},"geometry":{"type":"Point","coordinates":[48.41,54.33]}},{"type":"Feature","properties":{"n":"Bur Said","c":"Egypt","r":4,"p":623864,"cap":1},"geometry":{"type":"Point","coordinates":[32.29,31.26]}},{"type":"Feature","properties":{"n":"Nanded","c":"India","r":4,"p":623708,"cap":0},"geometry":{"type":"Point","coordinates":[77.308,19.197]}},{"type":"Feature","properties":{"n":"Dresden","c":"Germany","r":4,"p":617515,"cap":1},"geometry":{"type":"Point","coordinates":[13.75,51.05]}},{"type":"Feature","properties":{"n":"Fresno","c":"United States of America","r":4,"p":616353,"cap":0},"geometry":{"type":"Point","coordinates":[-119.773,36.748]}},{"type":"Feature","properties":{"n":"Samsun","c":"Turkey","r":4,"p":609339,"cap":1},"geometry":{"type":"Point","coordinates":[36.344,41.28]}},{"type":"Feature","properties":{"n":"Yaroslavl","c":"Russia","r":4,"p":606730,"cap":1},"geometry":{"type":"Point","coordinates":[39.87,57.62]}},{"type":"Feature","properties":{"n":"Constantine","c":"Algeria","r":4,"p":605179,"cap":1},"geometry":{"type":"Point","coordinates":[6.6,36.36]}},{"type":"Feature","properties":{"n":"Kirkuk","c":"Iraq","r":4,"p":601433,"cap":1},"geometry":{"type":"Point","coordinates":[44.392,35.472]}},{"type":"Feature","properties":{"n":"Hermosillo","c":"Mexico","r":4,"p":595811,"cap":1},"geometry":{"type":"Point","coordinates":[-110.954,29.099]}},{"type":"Feature","properties":{"n":"Port Louis","c":"Mauritius","r":4,"p":595491,"cap":1},"geometry":{"type":"Point","coordinates":[57.5,-20.167]}},{"type":"Feature","properties":{"n":"Nagano","c":"Japan","r":4,"p":594311,"cap":1},"geometry":{"type":"Point","coordinates":[138.17,36.65]}},{"type":"Feature","properties":{"n":"Blantyre","c":"Malawi","r":4,"p":584877,"cap":1},"geometry":{"type":"Point","coordinates":[34.99,-15.79]}},{"type":"Feature","properties":{"n":"Cuttack","c":"India","r":4,"p":580000,"cap":0},"geometry":{"type":"Point","coordinates":[85.89,20.47]}},{"type":"Feature","properties":{"n":"Khabarovsk","c":"Russia","r":4,"p":579000,"cap":1},"geometry":{"type":"Point","coordinates":[135.12,48.455]}},{"type":"Feature","properties":{"n":"Kisangani","c":"Congo (Kinshasa)","r":4,"p":578470,"cap":1},"geometry":{"type":"Point","coordinates":[25.22,0.52]}},{"type":"Feature","properties":{"n":"Quetzaltenango","c":"Guatemala","r":4,"p":575263,"cap":1},"geometry":{"type":"Point","coordinates":[-91.52,14.83]}},{"type":"Feature","properties":{"n":"Kuching","c":"Malaysia","r":4,"p":570407,"cap":1},"geometry":{"type":"Point","coordinates":[110.33,1.53]}},{"type":"Feature","properties":{"n":"Bouaké","c":"Ivory Coast","r":4,"p":567481,"cap":1},"geometry":{"type":"Point","coordinates":[-5.03,7.69]}},{"type":"Feature","properties":{"n":"Manama","c":"Bahrain","r":4,"p":563920,"cap":1},"geometry":{"type":"Point","coordinates":[50.583,26.236]}},{"type":"Feature","properties":{"n":"Uberlândia","c":"Brazil","r":4,"p":563536,"cap":0},"geometry":{"type":"Point","coordinates":[-48.28,-18.9]}},{"type":"Feature","properties":{"n":"Sorocaba","c":"Brazil","r":4,"p":563281,"cap":0},"geometry":{"type":"Point","coordinates":[-47.47,-23.49]}},{"type":"Feature","properties":{"n":"Santiago de Cuba","c":"Cuba","r":4,"p":555865,"cap":1},"geometry":{"type":"Point","coordinates":[-75.821,20.025]}},{"type":"Feature","properties":{"n":"Surakarta","c":"Indonesia","r":4,"p":555308,"cap":0},"geometry":{"type":"Point","coordinates":[110.825,-7.565]}},{"type":"Feature","properties":{"n":"Ribeirão Preto","c":"Brazil","r":4,"p":551267,"cap":0},"geometry":{"type":"Point","coordinates":[-47.83,-21.17]}},{"type":"Feature","properties":{"n":"Orenburg","c":"Russia","r":4,"p":550204,"cap":1},"geometry":{"type":"Point","coordinates":[55.11,51.78]}},{"type":"Feature","properties":{"n":"Tabuk","c":"Saudi Arabia","r":4,"p":547957,"cap":1},"geometry":{"type":"Point","coordinates":[36.555,28.384]}},{"type":"Feature","properties":{"n":"Yining","c":"China","r":4,"p":542507,"cap":0},"geometry":{"type":"Point","coordinates":[81.35,43.9]}},{"type":"Feature","properties":{"n":"Novokuznetsk","c":"Russia","r":4,"p":539616,"cap":0},"geometry":{"type":"Point","coordinates":[87.115,53.75]}},{"type":"Feature","properties":{"n":"Matamoros","c":"Mexico","r":4,"p":538785,"cap":0},"geometry":{"type":"Point","coordinates":[-97.5,25.88]}},{"type":"Feature","properties":{"n":"Oaxaca","c":"Mexico","r":4,"p":530728,"cap":1},"geometry":{"type":"Point","coordinates":[-96.67,17.083]}},{"type":"Feature","properties":{"n":"Hamadan","c":"Iran","r":4,"p":528256,"cap":1},"geometry":{"type":"Point","coordinates":[48.515,34.796]}},{"type":"Feature","properties":{"n":"Gold Coast","c":"Australia","r":4,"p":527660,"cap":0},"geometry":{"type":"Point","coordinates":[153.448,-28.082]}},{"type":"Feature","properties":{"n":"Vancouver","c":"United States of America","r":4,"p":525802,"cap":0},"geometry":{"type":"Point","coordinates":[-122.64,45.63]}},{"type":"Feature","properties":{"n":"Ryazan","c":"Russia","r":4,"p":520173,"cap":1},"geometry":{"type":"Point","coordinates":[39.72,54.62]}},{"type":"Feature","properties":{"n":"Tyumen","c":"Russia","r":4,"p":519119,"cap":1},"geometry":{"type":"Point","coordinates":[65.53,57.14]}},{"type":"Feature","properties":{"n":"Banda Aceh","c":"Indonesia","r":4,"p":513698,"cap":1},"geometry":{"type":"Point","coordinates":[95.32,5.55]}},{"type":"Feature","properties":{"n":"Salta","c":"Argentina","r":4,"p":512686,"cap":1},"geometry":{"type":"Point","coordinates":[-65.417,-24.783]}},{"type":"Feature","properties":{"n":"Penza","c":"Russia","r":4,"p":512602,"cap":1},"geometry":{"type":"Point","coordinates":[45,53.18]}},{"type":"Feature","properties":{"n":"Suez","c":"Egypt","r":4,"p":508335,"cap":0},"geometry":{"type":"Point","coordinates":[32.55,30.005]}},{"type":"Feature","properties":{"n":"Gaza City","c":"Palestine","r":4,"p":505700,"cap":1},"geometry":{"type":"Point","coordinates":[34.445,31.53]}},{"type":"Feature","properties":{"n":"Annaba","c":"Algeria","r":4,"p":503524,"cap":1},"geometry":{"type":"Point","coordinates":[7.76,36.92]}},{"type":"Feature","properties":{"n":"Akola","c":"India","r":4,"p":503502,"cap":0},"geometry":{"type":"Point","coordinates":[77.01,20.71]}},{"type":"Feature","properties":{"n":"Astrakhan","c":"Russia","r":4,"p":502533,"cap":1},"geometry":{"type":"Point","coordinates":[48.055,46.349]}},{"type":"Feature","properties":{"n":"Skopje","c":"North Macedonia","r":4,"p":494087,"cap":1},"geometry":{"type":"Point","coordinates":[21.433,42]}},{"type":"Feature","properties":{"n":"Mwanza","c":"Tanzania","r":4,"p":493944,"cap":1},"geometry":{"type":"Point","coordinates":[32.93,-2.52]}},{"type":"Feature","properties":{"n":"Colorado Springs","c":"United States of America","r":4,"p":493654,"cap":0},"geometry":{"type":"Point","coordinates":[-104.792,38.863]}},{"type":"Feature","properties":{"n":"Wuwei","c":"China","r":4,"p":493092,"cap":0},"geometry":{"type":"Point","coordinates":[102.641,37.928]}},{"type":"Feature","properties":{"n":"Santa Fe","c":"Argentina","r":4,"p":489505,"cap":1},"geometry":{"type":"Point","coordinates":[-60.69,-31.624]}},{"type":"Feature","properties":{"n":"Saharanpur","c":"India","r":4,"p":484873,"cap":0},"geometry":{"type":"Point","coordinates":[77.55,29.97]}},{"type":"Feature","properties":{"n":"Kalaburagi","c":"India","r":4,"p":483615,"cap":0},"geometry":{"type":"Point","coordinates":[76.82,17.35]}},{"type":"Feature","properties":{"n":"Herat","c":"Afghanistan","r":4,"p":481009,"cap":1},"geometry":{"type":"Point","coordinates":[62.17,34.33]}},{"type":"Feature","properties":{"n":"Yazd","c":"Iran","r":4,"p":477905,"cap":1},"geometry":{"type":"Point","coordinates":[54.37,31.92]}},{"type":"Feature","properties":{"n":"Kemerovo","c":"Russia","r":4,"p":477090,"cap":1},"geometry":{"type":"Point","coordinates":[86.09,55.34]}},{"type":"Feature","properties":{"n":"Shymkent","c":"Kazakhstan","r":4,"p":465392,"cap":1},"geometry":{"type":"Point","coordinates":[69.595,42.32]}},{"type":"Feature","properties":{"n":"Pristina","c":"Kosovo","r":4,"p":465186,"cap":1},"geometry":{"type":"Point","coordinates":[21.166,42.667]}},{"type":"Feature","properties":{"n":"Bandar-e-Abbas","c":"Iran","r":4,"p":461499,"cap":1},"geometry":{"type":"Point","coordinates":[56.272,27.204]}},{"type":"Feature","properties":{"n":"Iquitos","c":"Peru","r":4,"p":458729,"cap":1},"geometry":{"type":"Point","coordinates":[-73.25,-3.75]}},{"type":"Feature","properties":{"n":"Mazar-i-Sharif","c":"Afghanistan","r":4,"p":458151,"cap":1},"geometry":{"type":"Point","coordinates":[67.1,36.7]}},{"type":"Feature","properties":{"n":"Kirov","c":"Russia","r":4,"p":457437,"cap":1},"geometry":{"type":"Point","coordinates":[49.67,58.59]}},{"type":"Feature","properties":{"n":"Belfast","c":"United Kingdom","r":4,"p":450406,"cap":1},"geometry":{"type":"Point","coordinates":[-5.928,54.594]}},{"type":"Feature","properties":{"n":"Baguio","c":"Philippines","r":4,"p":447824,"cap":1},"geometry":{"type":"Point","coordinates":[120.57,16.43]}},{"type":"Feature","properties":{"n":"San Juan","c":"Argentina","r":4,"p":447048,"cap":1},"geometry":{"type":"Point","coordinates":[-68.52,-31.55]}},{"type":"Feature","properties":{"n":"Balikpapan","c":"Indonesia","r":4,"p":445905,"cap":0},"geometry":{"type":"Point","coordinates":[116.83,-1.25]}},{"type":"Feature","properties":{"n":"Bamenda","c":"Cameroon","r":4,"p":445299,"cap":1},"geometry":{"type":"Point","coordinates":[10.15,5.96]}},{"type":"Feature","properties":{"n":"Wuzhou","c":"China","r":4,"p":442315,"cap":0},"geometry":{"type":"Point","coordinates":[111.32,23.48]}},{"type":"Feature","properties":{"n":"Garoua","c":"Cameroon","r":4,"p":436899,"cap":1},"geometry":{"type":"Point","coordinates":[13.39,9.3]}},{"type":"Feature","properties":{"n":"Kaliningrad","c":"Russia","r":4,"p":434954,"cap":1},"geometry":{"type":"Point","coordinates":[20.497,54.7]}},{"type":"Feature","properties":{"n":"Laredo","c":"United States of America","r":4,"p":434768,"cap":0},"geometry":{"type":"Point","coordinates":[-99.507,27.506]}},{"type":"Feature","properties":{"n":"Welkom","c":"South Africa","r":4,"p":431944,"cap":0},"geometry":{"type":"Point","coordinates":[26.73,-27.97]}},{"type":"Feature","properties":{"n":"Bryansk","c":"Russia","r":4,"p":427236,"cap":1},"geometry":{"type":"Point","coordinates":[34.43,53.26]}},{"type":"Feature","properties":{"n":"Bratislava","c":"Slovakia","r":4,"p":423737,"cap":1},"geometry":{"type":"Point","coordinates":[17.117,48.15]}},{"type":"Feature","properties":{"n":"Baton Rouge","c":"United States of America","r":4,"p":422072,"cap":1},"geometry":{"type":"Point","coordinates":[-91.14,30.458]}},{"type":"Feature","properties":{"n":"Asyut","c":"Egypt","r":4,"p":420585,"cap":1},"geometry":{"type":"Point","coordinates":[31.18,27.19]}},{"type":"Feature","properties":{"n":"Magnitogorsk","c":"Russia","r":4,"p":413351,"cap":0},"geometry":{"type":"Point","coordinates":[58.98,53.423]}},{"type":"Feature","properties":{"n":"Huancayo","c":"Peru","r":4,"p":412733,"cap":1},"geometry":{"type":"Point","coordinates":[-75.2,-12.08]}},{"type":"Feature","properties":{"n":"Oujda","c":"Morocco","r":4,"p":409391,"cap":1},"geometry":{"type":"Point","coordinates":[-1.91,34.69]}},{"type":"Feature","properties":{"n":"Kitwe","c":"Zambia","r":4,"p":404901,"cap":0},"geometry":{"type":"Point","coordinates":[28.22,-12.81]}},{"type":"Feature","properties":{"n":"Tver","c":"Russia","r":4,"p":400212,"cap":1},"geometry":{"type":"Point","coordinates":[35.89,56.86]}},{"type":"Feature","properties":{"n":"Columbia","c":"United States of America","r":4,"p":398093,"cap":1},"geometry":{"type":"Point","coordinates":[-81.031,33.997]}},{"type":"Feature","properties":{"n":"Chiang Mai","c":"Thailand","r":4,"p":397211,"cap":1},"geometry":{"type":"Point","coordinates":[98.98,18.8]}},{"type":"Feature","properties":{"n":"Piura","c":"Peru","r":4,"p":396932,"cap":1},"geometry":{"type":"Point","coordinates":[-80.63,-5.21]}},{"type":"Feature","properties":{"n":"Al-Ubayyid","c":"Sudan","r":4,"p":393311,"cap":1},"geometry":{"type":"Point","coordinates":[30.217,13.183]}},{"type":"Feature","properties":{"n":"Nampula","c":"Mozambique","r":4,"p":388526,"cap":1},"geometry":{"type":"Point","coordinates":[39.293,-15.136]}},{"type":"Feature","properties":{"n":"Misrata","c":"Libya","r":4,"p":386120,"cap":1},"geometry":{"type":"Point","coordinates":[15.1,32.38]}},{"type":"Feature","properties":{"n":"Pasto","c":"Colombia","r":4,"p":382236,"cap":1},"geometry":{"type":"Point","coordinates":[-77.281,1.214]}},{"type":"Feature","properties":{"n":"Caxias do Sul","c":"Brazil","r":4,"p":381270,"cap":0},"geometry":{"type":"Point","coordinates":[-51.17,-29.18]}},{"type":"Feature","properties":{"n":"Nizhny Tagil","c":"Russia","r":4,"p":381116,"cap":0},"geometry":{"type":"Point","coordinates":[59.975,57.92]}},{"type":"Feature","properties":{"n":"Xichang","c":"China","r":4,"p":379993,"cap":0},"geometry":{"type":"Point","coordinates":[102.3,27.88]}},{"type":"Feature","properties":{"n":"Vigo","c":"Spain","r":4,"p":378952,"cap":0},"geometry":{"type":"Point","coordinates":[-8.73,42.22]}},{"type":"Feature","properties":{"n":"Las Palmas","c":"Spain","r":4,"p":378495,"cap":1},"geometry":{"type":"Point","coordinates":[-15.43,28.1]}},{"type":"Feature","properties":{"n":"Manizales","c":"Colombia","r":4,"p":375848,"cap":1},"geometry":{"type":"Point","coordinates":[-75.52,5.06]}},{"type":"Feature","properties":{"n":"Manukau","c":"New Zealand","r":4,"p":375600,"cap":0},"geometry":{"type":"Point","coordinates":[174.885,-37]}},{"type":"Feature","properties":{"n":"Gorontalo","c":"Indonesia","r":4,"p":365497,"cap":0},"geometry":{"type":"Point","coordinates":[123.07,0.55]}},{"type":"Feature","properties":{"n":"Larkana","c":"Pakistan","r":4,"p":364033,"cap":0},"geometry":{"type":"Point","coordinates":[68.207,27.562]}},{"type":"Feature","properties":{"n":"Stavropol","c":"Russia","r":4,"p":363064,"cap":1},"geometry":{"type":"Point","coordinates":[41.98,45.05]}},{"type":"Feature","properties":{"n":"Bhagalpur","c":"India","r":4,"p":361548,"cap":0},"geometry":{"type":"Point","coordinates":[86.98,25.23]}},{"type":"Feature","properties":{"n":"Ulan-Ude","c":"Russia","r":4,"p":360278,"cap":1},"geometry":{"type":"Point","coordinates":[107.625,51.825]}},{"type":"Feature","properties":{"n":"Bobo Dioulasso","c":"Burkina Faso","r":4,"p":360106,"cap":1},"geometry":{"type":"Point","coordinates":[-4.29,11.18]}},{"type":"Feature","properties":{"n":"Taraz","c":"Kazakhstan","r":4,"p":358153,"cap":1},"geometry":{"type":"Point","coordinates":[71.365,42.9]}},{"type":"Feature","properties":{"n":"Ambon","c":"Indonesia","r":4,"p":355596,"cap":1},"geometry":{"type":"Point","coordinates":[128.2,-3.717]}},{"type":"Feature","properties":{"n":"Safi","c":"Morocco","r":4,"p":353476,"cap":1},"geometry":{"type":"Point","coordinates":[-9.24,32.32]}},{"type":"Feature","properties":{"n":"Eldoret","c":"Kenya","r":4,"p":353381,"cap":0},"geometry":{"type":"Point","coordinates":[35.27,0.52]}},{"type":"Feature","properties":{"n":"Chimbote","c":"Peru","r":4,"p":349846,"cap":0},"geometry":{"type":"Point","coordinates":[-78.57,-9.07]}},{"type":"Feature","properties":{"n":"Nuevo Laredo","c":"Mexico","r":4,"p":349550,"cap":0},"geometry":{"type":"Point","coordinates":[-99.55,27.5]}},{"type":"Feature","properties":{"n":"Spokane","c":"United States of America","r":4,"p":347705,"cap":0},"geometry":{"type":"Point","coordinates":[-117.42,47.67]}},{"type":"Feature","properties":{"n":"Mérida","c":"Venezuela","r":4,"p":345489,"cap":1},"geometry":{"type":"Point","coordinates":[-71.183,8.57]}},{"type":"Feature","properties":{"n":"Arusha","c":"Tanzania","r":4,"p":341136,"cap":1},"geometry":{"type":"Point","coordinates":[36.67,-3.36]}},{"type":"Feature","properties":{"n":"Chitungwiza","c":"Zimbabwe","r":4,"p":340360,"cap":0},"geometry":{"type":"Point","coordinates":[31.1,-18]}},{"type":"Feature","properties":{"n":"East London","c":"South Africa","r":4,"p":338627,"cap":0},"geometry":{"type":"Point","coordinates":[27.87,-32.97]}},{"type":"Feature","properties":{"n":"Kōchi","c":"Japan","r":4,"p":335570,"cap":1},"geometry":{"type":"Point","coordinates":[133.538,33.562]}},{"type":"Feature","properties":{"n":"Nakhon Ratchasima","c":"Thailand","r":4,"p":334984,"cap":1},"geometry":{"type":"Point","coordinates":[102.1,15]}},{"type":"Feature","properties":{"n":"Montes Claros","c":"Brazil","r":4,"p":332379,"cap":0},"geometry":{"type":"Point","coordinates":[-43.86,-16.72]}},{"type":"Feature","properties":{"n":"Bujumbura","c":"Burundi","r":4,"p":331700,"cap":1},"geometry":{"type":"Point","coordinates":[29.36,-3.376]}},{"type":"Feature","properties":{"n":"Wonsan","c":"North Korea","r":4,"p":329207,"cap":1},"geometry":{"type":"Point","coordinates":[127.431,39.16]}},{"type":"Feature","properties":{"n":"Pavlodar","c":"Kazakhstan","r":4,"p":329002,"cap":1},"geometry":{"type":"Point","coordinates":[76.95,52.3]}},{"type":"Feature","properties":{"n":"Reno","c":"United States of America","r":4,"p":328585,"cap":0},"geometry":{"type":"Point","coordinates":[-119.82,39.53]}},{"type":"Feature","properties":{"n":"Sochi","c":"Russia","r":4,"p":327608,"cap":0},"geometry":{"type":"Point","coordinates":[39.73,43.59]}},{"type":"Feature","properties":{"n":"Sousse","c":"Tunisia","r":4,"p":327004,"cap":1},"geometry":{"type":"Point","coordinates":[10.625,35.83]}},{"type":"Feature","properties":{"n":"Iași","c":"Romania","r":4,"p":325914,"cap":1},"geometry":{"type":"Point","coordinates":[27.575,47.168]}},{"type":"Feature","properties":{"n":"Miyazaki","c":"Japan","r":4,"p":324384,"cap":1},"geometry":{"type":"Point","coordinates":[131.418,31.918]}},{"type":"Feature","properties":{"n":"Córdoba","c":"Spain","r":4,"p":321376,"cap":0},"geometry":{"type":"Point","coordinates":[-4.77,37.88]}},{"type":"Feature","properties":{"n":"Smolensk","c":"Russia","r":4,"p":320991,"cap":1},"geometry":{"type":"Point","coordinates":[32.047,54.783]}},{"type":"Feature","properties":{"n":"Ciudad del Este","c":"Paraguay","r":4,"p":320872,"cap":1},"geometry":{"type":"Point","coordinates":[-54.616,-25.517]}},{"type":"Feature","properties":{"n":"Pelotas","c":"Brazil","r":4,"p":320674,"cap":0},"geometry":{"type":"Point","coordinates":[-52.33,-31.75]}},{"type":"Feature","properties":{"n":"Bukhara","c":"Uzbekistan","r":4,"p":319476,"cap":1},"geometry":{"type":"Point","coordinates":[64.43,39.78]}},{"type":"Feature","properties":{"n":"Oskemen","c":"Kazakhstan","r":4,"p":319067,"cap":1},"geometry":{"type":"Point","coordinates":[82.615,49.99]}},{"type":"Feature","properties":{"n":"El Faiyum","c":"Egypt","r":4,"p":316772,"cap":1},"geometry":{"type":"Point","coordinates":[30.84,29.31]}},{"type":"Feature","properties":{"n":"Ljubljana","c":"Slovenia","r":4,"p":314807,"cap":1},"geometry":{"type":"Point","coordinates":[14.515,46.055]}},{"type":"Feature","properties":{"n":"Aswan","c":"Egypt","r":4,"p":313442,"cap":1},"geometry":{"type":"Point","coordinates":[32.899,24.088]}},{"type":"Feature","properties":{"n":"Semey","c":"Kazakhstan","r":4,"p":311353,"cap":1},"geometry":{"type":"Point","coordinates":[80.275,50.435]}},{"type":"Feature","properties":{"n":"Pucallpa","c":"Peru","r":4,"p":310750,"cap":1},"geometry":{"type":"Point","coordinates":[-74.535,-8.369]}},{"type":"Feature","properties":{"n":"Vitória da Conquista","c":"Brazil","r":4,"p":308204,"cap":0},"geometry":{"type":"Point","coordinates":[-40.84,-14.85]}},{"type":"Feature","properties":{"n":"Nalchik","c":"Russia","r":4,"p":307866,"cap":1},"geometry":{"type":"Point","coordinates":[43.618,43.498]}},{"type":"Feature","properties":{"n":"Porto Velho","c":"Brazil","r":4,"p":306180,"cap":1},"geometry":{"type":"Point","coordinates":[-63.9,-8.75]}},{"type":"Feature","properties":{"n":"Constanța","c":"Romania","r":4,"p":303399,"cap":1},"geometry":{"type":"Point","coordinates":[28.61,44.203]}},{"type":"Feature","properties":{"n":"Hakodate","c":"Japan","r":4,"p":302984,"cap":0},"geometry":{"type":"Point","coordinates":[140.74,41.795]}},{"type":"Feature","properties":{"n":"Brest","c":"Belarus","r":4,"p":300715,"cap":1},"geometry":{"type":"Point","coordinates":[23.7,52.1]}},{"type":"Feature","properties":{"n":"Qyzylorda","c":"Kazakhstan","r":4,"p":300000,"cap":1},"geometry":{"type":"Point","coordinates":[65.465,44.8]}},{"type":"Feature","properties":{"n":"Porto-Novo","c":"Benin","r":4,"p":300000,"cap":1},"geometry":{"type":"Point","coordinates":[2.617,6.483]}},{"type":"Feature","properties":{"n":"Port-of-Spain","c":"Trinidad and Tobago","r":4,"p":294934,"cap":1},"geometry":{"type":"Point","coordinates":[-61.517,10.652]}},{"type":"Feature","properties":{"n":"Vologda","c":"Russia","r":4,"p":294889,"cap":1},"geometry":{"type":"Point","coordinates":[39.92,59.21]}},{"type":"Feature","properties":{"n":"Makurdi","c":"Nigeria","r":4,"p":292645,"cap":1},"geometry":{"type":"Point","coordinates":[8.53,7.73]}},{"type":"Feature","properties":{"n":"Ponta Grossa","c":"Brazil","r":4,"p":292177,"cap":0},"geometry":{"type":"Point","coordinates":[-50.16,-25.09]}},{"type":"Feature","properties":{"n":"Sinuiju","c":"North Korea","r":4,"p":288112,"cap":1},"geometry":{"type":"Point","coordinates":[124.421,40.086]}},{"type":"Feature","properties":{"n":"Cuenca","c":"Ecuador","r":4,"p":286878,"cap":1},"geometry":{"type":"Point","coordinates":[-79,-2.9]}},{"type":"Feature","properties":{"n":"Butembo","c":"Congo (Kinshasa)","r":4,"p":286403,"cap":0},"geometry":{"type":"Point","coordinates":[29.28,0.13]}},{"type":"Feature","properties":{"n":"Kupang","c":"Indonesia","r":4,"p":282396,"cap":1},"geometry":{"type":"Point","coordinates":[123.583,-10.179]}},{"type":"Feature","properties":{"n":"Zhytomyr","c":"Ukraine","r":4,"p":282192,"cap":1},"geometry":{"type":"Point","coordinates":[28.662,50.246]}},{"type":"Feature","properties":{"n":"Kaolack","c":"Senegal","r":4,"p":277812,"cap":1},"geometry":{"type":"Point","coordinates":[-16.1,14.15]}},{"type":"Feature","properties":{"n":"Corpus Christi","c":"United States of America","r":4,"p":277454,"cap":0},"geometry":{"type":"Point","coordinates":[-97.402,27.743]}},{"type":"Feature","properties":{"n":"Bern","c":"Switzerland","r":4,"p":275329,"cap":1},"geometry":{"type":"Point","coordinates":[7.467,46.917]}},{"type":"Feature","properties":{"n":"Mbandaka","c":"Congo (Kinshasa)","r":4,"p":274996,"cap":1},"geometry":{"type":"Point","coordinates":[18.26,0.04]}},{"type":"Feature","properties":{"n":"Venice","c":"Italy","r":4,"p":270816,"cap":1},"geometry":{"type":"Point","coordinates":[12.335,45.439]}},{"type":"Feature","properties":{"n":"Malmö","c":"Sweden","r":4,"p":269349,"cap":1},"geometry":{"type":"Point","coordinates":[13.023,55.599]}},{"type":"Feature","properties":{"n":"Petrozavodsk","c":"Russia","r":4,"p":265025,"cap":1},"geometry":{"type":"Point","coordinates":[34.361,61.781]}},{"type":"Feature","properties":{"n":"Aqtobe","c":"Kazakhstan","r":4,"p":262457,"cap":1},"geometry":{"type":"Point","coordinates":[57.17,50.28]}},{"type":"Feature","properties":{"n":"Petrolina","c":"Brazil","r":4,"p":260985,"cap":0},"geometry":{"type":"Point","coordinates":[-40.51,-9.38]}},{"type":"Feature","properties":{"n":"Tampere","c":"Finland","r":4,"p":259279,"cap":0},"geometry":{"type":"Point","coordinates":[23.75,61.5]}},{"type":"Feature","properties":{"n":"Rio Branco","c":"Brazil","r":4,"p":257642,"cap":1},"geometry":{"type":"Point","coordinates":[-67.8,-9.967]}},{"type":"Feature","properties":{"n":"Dire Dawa","c":"Ethiopia","r":4,"p":252279,"cap":0},"geometry":{"type":"Point","coordinates":[41.86,9.59]}},{"type":"Feature","properties":{"n":"Morogoro","c":"Tanzania","r":4,"p":250902,"cap":1},"geometry":{"type":"Point","coordinates":[37.66,-6.82]}},{"type":"Feature","properties":{"n":"Shreveport","c":"United States of America","r":4,"p":248053,"cap":0},"geometry":{"type":"Point","coordinates":[-93.77,32.5]}},{"type":"Feature","properties":{"n":"Angarsk","c":"Russia","r":4,"p":243158,"cap":0},"geometry":{"type":"Point","coordinates":[103.92,52.56]}},{"type":"Feature","properties":{"n":"Berbera","c":"Somaliland","r":4,"p":242344,"cap":0},"geometry":{"type":"Point","coordinates":[45.016,10.436]}},{"type":"Feature","properties":{"n":"Le Havre","c":"France","r":4,"p":242124,"cap":0},"geometry":{"type":"Point","coordinates":[0.105,49.505]}},{"type":"Feature","properties":{"n":"Neuquén","c":"Argentina","r":4,"p":242092,"cap":1},"geometry":{"type":"Point","coordinates":[-68.06,-38.95]}},{"type":"Feature","properties":{"n":"Ulan Hot","c":"China","r":4,"p":241894,"cap":0},"geometry":{"type":"Point","coordinates":[122.08,46.08]}},{"type":"Feature","properties":{"n":"Türkmenabat","c":"Turkmenistan","r":4,"p":234817,"cap":1},"geometry":{"type":"Point","coordinates":[63.58,39.11]}},{"type":"Feature","properties":{"n":"Niamey","c":"Niger","r":4,"p":232555,"cap":1},"geometry":{"type":"Point","coordinates":[7.096,13.492]}},{"type":"Feature","properties":{"n":"Hailar","c":"China","r":4,"p":231171,"cap":0},"geometry":{"type":"Point","coordinates":[119.7,49.2]}},{"type":"Feature","properties":{"n":"Zhangye","c":"China","r":4,"p":230728,"cap":0},"geometry":{"type":"Point","coordinates":[100.45,38.93]}},{"type":"Feature","properties":{"n":"Nukus","c":"Uzbekistan","r":4,"p":230006,"cap":1},"geometry":{"type":"Point","coordinates":[59.615,42.47]}},{"type":"Feature","properties":{"n":"Salem","c":"United States of America","r":4,"p":229010,"cap":1},"geometry":{"type":"Point","coordinates":[-123.024,44.928]}},{"type":"Feature","properties":{"n":"Puducherry","c":"India","r":4,"p":227411,"cap":1},"geometry":{"type":"Point","coordinates":[79.83,11.935]}},{"type":"Feature","properties":{"n":"Grozny","c":"Russia","r":4,"p":226100,"cap":1},"geometry":{"type":"Point","coordinates":[45.699,43.319]}},{"type":"Feature","properties":{"n":"Colima","c":"Mexico","r":4,"p":223287,"cap":1},"geometry":{"type":"Point","coordinates":[-103.72,19.23]}},{"type":"Feature","properties":{"n":"Formosa","c":"Argentina","r":4,"p":221383,"cap":1},"geometry":{"type":"Point","coordinates":[-58.183,-26.173]}},{"type":"Feature","properties":{"n":"Blagoveshchensk","c":"Russia","r":4,"p":221296,"cap":1},"geometry":{"type":"Point","coordinates":[127.533,50.267]}},{"type":"Feature","properties":{"n":"Tallahassee","c":"United States of America","r":4,"p":221222,"cap":1},"geometry":{"type":"Point","coordinates":[-84.28,30.45]}},{"type":"Feature","properties":{"n":"Dodoma","c":"Tanzania","r":4,"p":218269,"cap":1},"geometry":{"type":"Point","coordinates":[35.75,-6.183]}},{"type":"Feature","properties":{"n":"Laoag","c":"Philippines","r":4,"p":207048,"cap":0},"geometry":{"type":"Point","coordinates":[120.594,18.199]}},{"type":"Feature","properties":{"n":"Bahir Dar","c":"Ethiopia","r":4,"p":206748,"cap":0},"geometry":{"type":"Point","coordinates":[37.383,11.6]}},{"type":"Feature","properties":{"n":"Kalemie","c":"Congo (Kinshasa)","r":4,"p":206257,"cap":0},"geometry":{"type":"Point","coordinates":[29.2,-5.933]}},{"type":"Feature","properties":{"n":"Campeche","c":"Mexico","r":4,"p":205212,"cap":1},"geometry":{"type":"Point","coordinates":[-90.5,19.83]}},{"type":"Feature","properties":{"n":"Pskov","c":"Russia","r":4,"p":201990,"cap":1},"geometry":{"type":"Point","coordinates":[28.33,57.83]}},{"type":"Feature","properties":{"n":"Kushiro","c":"Japan","r":4,"p":198566,"cap":0},"geometry":{"type":"Point","coordinates":[144.375,42.975]}},{"type":"Feature","properties":{"n":"Montgomery","c":"United States of America","r":4,"p":198325,"cap":1},"geometry":{"type":"Point","coordinates":[-86.279,32.362]}},{"type":"Feature","properties":{"n":"Bridgetown","c":"Barbados","r":4,"p":191152,"cap":1},"geometry":{"type":"Point","coordinates":[-59.617,13.102]}},{"type":"Feature","properties":{"n":"St.-Denis","c":"France","r":4,"p":190047,"cap":1},"geometry":{"type":"Point","coordinates":[55.448,-20.879]}},{"type":"Feature","properties":{"n":"La Paz","c":"Mexico","r":4,"p":189767,"cap":1},"geometry":{"type":"Point","coordinates":[-110.32,24.14]}},{"type":"Feature","properties":{"n":"Kabwe","c":"Zambia","r":4,"p":188979,"cap":1},"geometry":{"type":"Point","coordinates":[28.45,-14.44]}},{"type":"Feature","properties":{"n":"Quelimane","c":"Mozambique","r":4,"p":188964,"cap":1},"geometry":{"type":"Point","coordinates":[36.89,-17.88]}},{"type":"Feature","properties":{"n":"Parakou","c":"Benin","r":4,"p":188853,"cap":1},"geometry":{"type":"Point","coordinates":[2.62,9.34]}},{"type":"Feature","properties":{"n":"Laayoune","c":"Morocco","r":4,"p":188084,"cap":1},"geometry":{"type":"Point","coordinates":[-13.2,27.15]}},{"type":"Feature","properties":{"n":"Ternate","c":"Indonesia","r":4,"p":187521,"cap":0},"geometry":{"type":"Point","coordinates":[127.363,0.793]}},{"type":"Feature","properties":{"n":"Arica","c":"Chile","r":4,"p":185999,"cap":1},"geometry":{"type":"Point","coordinates":[-70.29,-18.5]}},{"type":"Feature","properties":{"n":"Fianarantsoa","c":"Madagascar","r":4,"p":184184,"cap":1},"geometry":{"type":"Point","coordinates":[47.083,-21.433]}},{"type":"Feature","properties":{"n":"Atyrau","c":"Kazakhstan","r":4,"p":182753,"cap":1},"geometry":{"type":"Point","coordinates":[51.92,47.113]}},{"type":"Feature","properties":{"n":"Amarillo","c":"United States of America","r":4,"p":181766,"cap":0},"geometry":{"type":"Point","coordinates":[-101.83,35.23]}},{"type":"Feature","properties":{"n":"Santa Barbara","c":"United States of America","r":4,"p":181632,"cap":0},"geometry":{"type":"Point","coordinates":[-119.717,34.411]}},{"type":"Feature","properties":{"n":"Zuwara","c":"Libya","r":4,"p":180310,"cap":0},"geometry":{"type":"Point","coordinates":[12.079,32.934]}},{"type":"Feature","properties":{"n":"Savannah","c":"United States of America","r":4,"p":180187,"cap":0},"geometry":{"type":"Point","coordinates":[-81.11,32.021]}},{"type":"Feature","properties":{"n":"Sittwe","c":"Myanmar","r":4,"p":179032,"cap":1},"geometry":{"type":"Point","coordinates":[92.88,20.14]}},{"type":"Feature","properties":{"n":"Mary","c":"Turkmenistan","r":4,"p":178708,"cap":1},"geometry":{"type":"Point","coordinates":[61.833,37.6]}},{"type":"Feature","properties":{"n":"Nogales","c":"Mexico","r":4,"p":178097,"cap":0},"geometry":{"type":"Point","coordinates":[-110.945,31.305]}},{"type":"Feature","properties":{"n":"Yuzhno Sakhalinsk","c":"Russia","r":4,"p":176484,"cap":1},"geometry":{"type":"Point","coordinates":[142.74,46.965]}},{"type":"Feature","properties":{"n":"Bose","c":"China","r":4,"p":175282,"cap":0},"geometry":{"type":"Point","coordinates":[106.613,23.9]}},{"type":"Feature","properties":{"n":"George","c":"South Africa","r":4,"p":174582,"cap":0},"geometry":{"type":"Point","coordinates":[22.45,-33.95]}},{"type":"Feature","properties":{"n":"Jayapura","c":"Indonesia","r":4,"p":169341,"cap":1},"geometry":{"type":"Point","coordinates":[140.7,-2.533]}},{"type":"Feature","properties":{"n":"Nzérékoré","c":"Guinea","r":4,"p":168121,"cap":1},"geometry":{"type":"Point","coordinates":[-8.83,7.76]}},{"type":"Feature","properties":{"n":"Abakan","c":"Russia","r":4,"p":167289,"cap":1},"geometry":{"type":"Point","coordinates":[91.445,53.704]}},{"type":"Feature","properties":{"n":"Norilsk","c":"Russia","r":4,"p":165873,"cap":0},"geometry":{"type":"Point","coordinates":[88.225,69.34]}},{"type":"Feature","properties":{"n":"Livingstone","c":"Zambia","r":4,"p":165480,"cap":1},"geometry":{"type":"Point","coordinates":[25.86,-17.86]}},{"type":"Feature","properties":{"n":"Geneina","c":"Sudan","r":4,"p":162981,"cap":1},"geometry":{"type":"Point","coordinates":[22.44,13.45]}},{"type":"Feature","properties":{"n":"Fargo","c":"United States of America","r":4,"p":162842,"cap":0},"geometry":{"type":"Point","coordinates":[-96.789,46.877]}},{"type":"Feature","properties":{"n":"Wilmington","c":"United States of America","r":4,"p":161560,"cap":0},"geometry":{"type":"Point","coordinates":[-77.945,34.226]}},{"type":"Feature","properties":{"n":"Malakal","c":"South Sudan","r":4,"p":160765,"cap":1},"geometry":{"type":"Point","coordinates":[31.656,9.537]}},{"type":"Feature","properties":{"n":"Tarija","c":"Bolivia","r":4,"p":159269,"cap":1},"geometry":{"type":"Point","coordinates":[-64.75,-21.517]}},{"type":"Feature","properties":{"n":"Barreiras","c":"Brazil","r":4,"p":158292,"cap":0},"geometry":{"type":"Point","coordinates":[-45,-12.14]}},{"type":"Feature","properties":{"n":"Surat Thani","c":"Thailand","r":4,"p":157627,"cap":1},"geometry":{"type":"Point","coordinates":[99.34,9.15]}},{"type":"Feature","properties":{"n":"Olympia","c":"United States of America","r":4,"p":156984,"cap":1},"geometry":{"type":"Point","coordinates":[-122.899,47.038]}},{"type":"Feature","properties":{"n":"Moundou","c":"Chad","r":4,"p":156705,"cap":1},"geometry":{"type":"Point","coordinates":[16.09,8.55]}},{"type":"Feature","properties":{"n":"Yulin","c":"China","r":4,"p":155960,"cap":0},"geometry":{"type":"Point","coordinates":[109.733,38.283]}},{"type":"Feature","properties":{"n":"Sioux Falls","c":"United States of America","r":4,"p":155724,"cap":0},"geometry":{"type":"Point","coordinates":[-96.73,43.55]}},{"type":"Feature","properties":{"n":"Bei'an","c":"China","r":4,"p":154936,"cap":0},"geometry":{"type":"Point","coordinates":[126.529,48.246]}},{"type":"Feature","properties":{"n":"Battambang","c":"Cambodia","r":4,"p":154773,"cap":1},"geometry":{"type":"Point","coordinates":[103.2,13.1]}},{"type":"Feature","properties":{"n":"Mahajanga","c":"Madagascar","r":4,"p":154657,"cap":1},"geometry":{"type":"Point","coordinates":[46.345,-15.67]}},{"type":"Feature","properties":{"n":"La Serena","c":"Chile","r":4,"p":154521,"cap":1},"geometry":{"type":"Point","coordinates":[-71.25,-29.9]}},{"type":"Feature","properties":{"n":"Cairns","c":"Australia","r":4,"p":154225,"cap":0},"geometry":{"type":"Point","coordinates":[145.763,-16.888]}},{"type":"Feature","properties":{"n":"Mufulira","c":"Zambia","r":4,"p":153624,"cap":0},"geometry":{"type":"Point","coordinates":[28.26,-12.55]}},{"type":"Feature","properties":{"n":"Benguela","c":"Angola","r":4,"p":151226,"cap":1},"geometry":{"type":"Point","coordinates":[13.407,-12.578]}},{"type":"Feature","properties":{"n":"Gejiu","c":"China","r":4,"p":149105,"cap":0},"geometry":{"type":"Point","coordinates":[103.15,23.38]}},{"type":"Feature","properties":{"n":"Hamilton","c":"New Zealand","r":4,"p":148200,"cap":1},"geometry":{"type":"Point","coordinates":[175.29,-37.778]}},{"type":"Feature","properties":{"n":"Gulu","c":"Uganda","r":4,"p":146858,"cap":1},"geometry":{"type":"Point","coordinates":[32.28,2.78]}},{"type":"Feature","properties":{"n":"Podgorica","c":"Montenegro","r":4,"p":145850,"cap":1},"geometry":{"type":"Point","coordinates":[19.266,42.466]}},{"type":"Feature","properties":{"n":"Los Angeles","c":"Chile","r":4,"p":145239,"cap":0},"geometry":{"type":"Point","coordinates":[-72.347,-37.48]}},{"type":"Feature","properties":{"n":"Goma","c":"Congo (Kinshasa)","r":4,"p":144124,"cap":1},"geometry":{"type":"Point","coordinates":[29.222,-1.679]}},{"type":"Feature","properties":{"n":"Altay","c":"China","r":4,"p":142000,"cap":0},"geometry":{"type":"Point","coordinates":[88.117,47.867]}},{"type":"Feature","properties":{"n":"Dunhuang","c":"China","r":4,"p":140094,"cap":0},"geometry":{"type":"Point","coordinates":[94.662,40.143]}},{"type":"Feature","properties":{"n":"Shizuishan","c":"China","r":4,"p":136570,"cap":0},"geometry":{"type":"Point","coordinates":[106.769,39.233]}},{"type":"Feature","properties":{"n":"Moçâmedes","c":"Angola","r":4,"p":132900,"cap":1},"geometry":{"type":"Point","coordinates":[12.16,-15.19]}},{"type":"Feature","properties":{"n":"Topeka","c":"United States of America","r":4,"p":132091,"cap":1},"geometry":{"type":"Point","coordinates":[-95.67,39.05]}},{"type":"Feature","properties":{"n":"Papeete","c":"French Polynesia","r":4,"p":131695,"cap":1},"geometry":{"type":"Point","coordinates":[-149.567,-17.533]}},{"type":"Feature","properties":{"n":"Lae","c":"Papua New Guinea","r":4,"p":131052,"cap":1},"geometry":{"type":"Point","coordinates":[146.99,-6.733]}},{"type":"Feature","properties":{"n":"Tete","c":"Mozambique","r":4,"p":129316,"cap":1},"geometry":{"type":"Point","coordinates":[33.58,-16.17]}},{"type":"Feature","properties":{"n":"Copiapó","c":"Chile","r":4,"p":129280,"cap":1},"geometry":{"type":"Point","coordinates":[-70.33,-27.372]}},{"type":"Feature","properties":{"n":"Xai-Xai","c":"Mozambique","r":4,"p":128805,"cap":1},"geometry":{"type":"Point","coordinates":[33.64,-25.04]}},{"type":"Feature","properties":{"n":"Ekibastuz","c":"Kazakhstan","r":4,"p":127868,"cap":0},"geometry":{"type":"Point","coordinates":[75.32,51.73]}},{"type":"Feature","properties":{"n":"Worcester","c":"South Africa","r":4,"p":127597,"cap":0},"geometry":{"type":"Point","coordinates":[19.44,-33.64]}},{"type":"Feature","properties":{"n":"Malanje","c":"Angola","r":4,"p":125856,"cap":1},"geometry":{"type":"Point","coordinates":[16.34,-9.54]}},{"type":"Feature","properties":{"n":"Lubango","c":"Angola","r":4,"p":125632,"cap":1},"geometry":{"type":"Point","coordinates":[13.49,-14.91]}},{"type":"Feature","properties":{"n":"Rudniy","c":"Kazakhstan","r":4,"p":124000,"cap":0},"geometry":{"type":"Point","coordinates":[63.13,52.953]}},{"type":"Feature","properties":{"n":"Charleston","c":"United States of America","r":4,"p":123799,"cap":1},"geometry":{"type":"Point","coordinates":[-81.633,38.35]}},{"type":"Feature","properties":{"n":"Ségou","c":"Mali","r":4,"p":122952,"cap":1},"geometry":{"type":"Point","coordinates":[-6.26,13.44]}},{"type":"Feature","properties":{"n":"Bandundu","c":"Congo (Kinshasa)","r":4,"p":118211,"cap":1},"geometry":{"type":"Point","coordinates":[17.38,-3.31]}},{"type":"Feature","properties":{"n":"Dunedin","c":"New Zealand","r":4,"p":117700,"cap":1},"geometry":{"type":"Point","coordinates":[170.491,-45.885]}},{"type":"Feature","properties":{"n":"Gao","c":"Mali","r":4,"p":116967,"cap":1},"geometry":{"type":"Point","coordinates":[-0.05,16.267]}},{"type":"Feature","properties":{"n":"Tahoua","c":"Niger","r":4,"p":115956,"cap":1},"geometry":{"type":"Point","coordinates":[5.26,14.9]}},{"type":"Feature","properties":{"n":"Sri Jayawardenepura Kotte","c":"Sri Lanka","r":4,"p":115826,"cap":1},"geometry":{"type":"Point","coordinates":[79.95,6.9]}},{"type":"Feature","properties":{"n":"Toliara","c":"Madagascar","r":4,"p":115319,"cap":1},"geometry":{"type":"Point","coordinates":[43.69,-23.357]}},{"type":"Feature","properties":{"n":"Kankan","c":"Guinea","r":4,"p":114009,"cap":1},"geometry":{"type":"Point","coordinates":[-9.31,10.39]}},{"type":"Feature","properties":{"n":"Juba","c":"South Sudan","r":4,"p":111975,"cap":1},"geometry":{"type":"Point","coordinates":[31.58,4.83]}},{"type":"Feature","properties":{"n":"Kandy","c":"Sri Lanka","r":4,"p":111701,"cap":1},"geometry":{"type":"Point","coordinates":[80.67,7.28]}},{"type":"Feature","properties":{"n":"Santa Rosa","c":"Argentina","r":4,"p":111424,"cap":1},"geometry":{"type":"Point","coordinates":[-64.3,-36.62]}},{"type":"Feature","properties":{"n":"Pemba","c":"Mozambique","r":4,"p":110643,"cap":1},"geometry":{"type":"Point","coordinates":[40.532,-12.983]}},{"type":"Feature","properties":{"n":"Mzuzu","c":"Malawi","r":4,"p":110201,"cap":1},"geometry":{"type":"Point","coordinates":[34.02,-11.46]}},{"type":"Feature","properties":{"n":"David","c":"Panama","r":4,"p":110037,"cap":1},"geometry":{"type":"Point","coordinates":[-82.433,8.433]}},{"type":"Feature","properties":{"n":"Siem Reap","c":"Cambodia","r":4,"p":109398,"cap":1},"geometry":{"type":"Point","coordinates":[103.85,13.367]}},{"type":"Feature","properties":{"n":"Kyzyl","c":"Russia","r":4,"p":108240,"cap":1},"geometry":{"type":"Point","coordinates":[94.383,51.707]}},{"type":"Feature","properties":{"n":"Golmud","c":"China","r":4,"p":107092,"cap":0},"geometry":{"type":"Point","coordinates":[94.883,36.417]}},{"type":"Feature","properties":{"n":"Raba","c":"Indonesia","r":4,"p":106101,"cap":0},"geometry":{"type":"Point","coordinates":[118.767,-8.45]}},{"type":"Feature","properties":{"n":"Assab","c":"Eritrea","r":4,"p":105496,"cap":1},"geometry":{"type":"Point","coordinates":[42.73,13.01]}},{"type":"Feature","properties":{"n":"Billings","c":"United States of America","r":4,"p":104552,"cap":0},"geometry":{"type":"Point","coordinates":[-108.54,45.788]}},{"type":"Feature","properties":{"n":"Guaymas","c":"Mexico","r":4,"p":103449,"cap":0},"geometry":{"type":"Point","coordinates":[-110.89,27.93]}},{"type":"Feature","properties":{"n":"Houma","c":"China","r":4,"p":102400,"cap":0},"geometry":{"type":"Point","coordinates":[111.21,35.62]}},{"type":"Feature","properties":{"n":"Sakata","c":"Japan","r":4,"p":100446,"cap":0},"geometry":{"type":"Point","coordinates":[139.85,38.92]}},{"type":"Feature","properties":{"n":"Ust-Ilimsk","c":"Russia","r":4,"p":100271,"cap":0},"geometry":{"type":"Point","coordinates":[102.633,57.99]}},{"type":"Feature","properties":{"n":"Corumbá","c":"Brazil","r":4,"p":96520,"cap":0},"geometry":{"type":"Point","coordinates":[-57.65,-19.016]}},{"type":"Feature","properties":{"n":"Mekele","c":"Ethiopia","r":4,"p":95856,"cap":1},"geometry":{"type":"Point","coordinates":[39.47,13.5]}},{"type":"Feature","properties":{"n":"Bariloche","c":"Argentina","r":4,"p":95394,"cap":0},"geometry":{"type":"Point","coordinates":[-71.3,-41.15]}},{"type":"Feature","properties":{"n":"Burlington","c":"United States of America","r":4,"p":93807,"cap":0},"geometry":{"type":"Point","coordinates":[-73.212,44.476]}},{"type":"Feature","properties":{"n":"Mbabane","c":"eSwatini","r":4,"p":90138,"cap":1},"geometry":{"type":"Point","coordinates":[31.133,-26.317]}},{"type":"Feature","properties":{"n":"Francistown","c":"Botswana","r":4,"p":89979,"cap":1},"geometry":{"type":"Point","coordinates":[27.5,-21.17]}},{"type":"Feature","properties":{"n":"Ebolowa","c":"Cameroon","r":4,"p":87875,"cap":1},"geometry":{"type":"Point","coordinates":[11.15,2.9]}},{"type":"Feature","properties":{"n":"Parepare","c":"Indonesia","r":4,"p":87776,"cap":0},"geometry":{"type":"Point","coordinates":[119.633,-4.017]}},{"type":"Feature","properties":{"n":"Nouadhibou","c":"Mauritania","r":4,"p":86738,"cap":1},"geometry":{"type":"Point","coordinates":[-17.056,20.9]}},{"type":"Feature","properties":{"n":"Limón","c":"Costa Rica","r":4,"p":85001,"cap":1},"geometry":{"type":"Point","coordinates":[-83.033,10]}},{"type":"Feature","properties":{"n":"Trinidad","c":"Bolivia","r":4,"p":84259,"cap":1},"geometry":{"type":"Point","coordinates":[-64.9,-14.833]}},{"type":"Feature","properties":{"n":"Sault Ste. Marie","c":"United States of America","r":4,"p":83805,"cap":0},"geometry":{"type":"Point","coordinates":[-84.345,46.495]}},{"type":"Feature","properties":{"n":"Antsiranana","c":"Madagascar","r":4,"p":82937,"cap":1},"geometry":{"type":"Point","coordinates":[49.312,-12.277]}},{"type":"Feature","properties":{"n":"Bendigo","c":"Australia","r":4,"p":81657,"cap":0},"geometry":{"type":"Point","coordinates":[144.28,-36.76]}},{"type":"Feature","properties":{"n":"Atakpamé","c":"Togo","r":4,"p":80683,"cap":1},"geometry":{"type":"Point","coordinates":[1.12,7.53]}},{"type":"Feature","properties":{"n":"Vorkuta","c":"Russia","r":4,"p":80039,"cap":0},"geometry":{"type":"Point","coordinates":[64.01,67.5]}},{"type":"Feature","properties":{"n":"Xigaze","c":"China","r":4,"p":80000,"cap":0},"geometry":{"type":"Point","coordinates":[88.883,29.25]}},{"type":"Feature","properties":{"n":"Kayes","c":"Mali","r":4,"p":77207,"cap":1},"geometry":{"type":"Point","coordinates":[-11.44,14.45]}},{"type":"Feature","properties":{"n":"Sundsvall","c":"Sweden","r":4,"p":73389,"cap":0},"geometry":{"type":"Point","coordinates":[17.317,62.4]}},{"type":"Feature","properties":{"n":"Mandurah","c":"Australia","r":4,"p":73356,"cap":0},"geometry":{"type":"Point","coordinates":[115.747,-32.523]}},{"type":"Feature","properties":{"n":"Missoula","c":"United States of America","r":4,"p":72856,"cap":0},"geometry":{"type":"Point","coordinates":[-113.993,46.872]}},{"type":"Feature","properties":{"n":"Upington","c":"South Africa","r":4,"p":71373,"cap":0},"geometry":{"type":"Point","coordinates":[21.23,-28.46]}},{"type":"Feature","properties":{"n":"Türkmenbaşy","c":"Turkmenistan","r":4,"p":68292,"cap":1},"geometry":{"type":"Point","coordinates":[52.97,40.023]}},{"type":"Feature","properties":{"n":"Putrajaya","c":"Malaysia","r":4,"p":67964,"cap":1},"geometry":{"type":"Point","coordinates":[101.695,2.933]}},{"type":"Feature","properties":{"n":"Great Falls","c":"United States of America","r":4,"p":66558,"cap":0},"geometry":{"type":"Point","coordinates":[-111.3,47.5]}},{"type":"Feature","properties":{"n":"Rockhampton","c":"Australia","r":4,"p":65850,"cap":0},"geometry":{"type":"Point","coordinates":[150.52,-23.364]}},{"type":"Feature","properties":{"n":"Flagstaff","c":"United States of America","r":4,"p":63993,"cap":0},"geometry":{"type":"Point","coordinates":[-111.651,35.198]}},{"type":"Feature","properties":{"n":"Kristiansand","c":"Norway","r":4,"p":63814,"cap":1},"geometry":{"type":"Point","coordinates":[7.975,58.146]}},{"type":"Feature","properties":{"n":"Kasongo","c":"Congo (Kinshasa)","r":4,"p":63000,"cap":0},"geometry":{"type":"Point","coordinates":[26.66,-4.45]}},{"type":"Feature","properties":{"n":"Kayes","c":"Congo (Brazzaville)","r":4,"p":62521,"cap":0},"geometry":{"type":"Point","coordinates":[13.28,-4.18]}},{"type":"Feature","properties":{"n":"Tanjung Pandan","c":"Indonesia","r":4,"p":62374,"cap":0},"geometry":{"type":"Point","coordinates":[107.65,-2.75]}},{"type":"Feature","properties":{"n":"Bambari","c":"Central African Republic","r":4,"p":62098,"cap":1},"geometry":{"type":"Point","coordinates":[20.667,5.762]}},{"type":"Feature","properties":{"n":"Ponta Delgada","c":"Portugal","r":4,"p":61526,"cap":1},"geometry":{"type":"Point","coordinates":[-25.667,37.748]}},{"type":"Feature","properties":{"n":"Casper","c":"United States of America","r":4,"p":60791,"cap":0},"geometry":{"type":"Point","coordinates":[-106.323,42.847]}},{"type":"Feature","properties":{"n":"Mt.  Hagen","c":"Papua New Guinea","r":4,"p":59064,"cap":1},"geometry":{"type":"Point","coordinates":[144.217,-5.863]}},{"type":"Feature","properties":{"n":"Napier","c":"New Zealand","r":4,"p":57800,"cap":1},"geometry":{"type":"Point","coordinates":[176.926,-39.49]}},{"type":"Feature","properties":{"n":"Vaasa","c":"Finland","r":4,"p":57014,"cap":1},"geometry":{"type":"Point","coordinates":[21.6,63.1]}},{"type":"Feature","properties":{"n":"Puerto Ayacucho","c":"Venezuela","r":4,"p":52526,"cap":1},"geometry":{"type":"Point","coordinates":[-67.624,5.664]}},{"type":"Feature","properties":{"n":"Hilo","c":"United States of America","r":4,"p":52391,"cap":0},"geometry":{"type":"Point","coordinates":[-155.082,19.706]}},{"type":"Feature","properties":{"n":"Walvis Bay","c":"Namibia","r":4,"p":52058,"cap":0},"geometry":{"type":"Point","coordinates":[14.505,-22.958]}},{"type":"Feature","properties":{"n":"Mahalapye","c":"Botswana","r":4,"p":50744,"cap":0},"geometry":{"type":"Point","coordinates":[26.82,-23.1]}},{"type":"Feature","properties":{"n":"North Bay","c":"Canada","r":4,"p":50170,"cap":0},"geometry":{"type":"Point","coordinates":[-79.45,46.3]}},{"type":"Feature","properties":{"n":"Kingstown","c":"Saint Vincent and the Grenadines","r":4,"p":49485,"cap":1},"geometry":{"type":"Point","coordinates":[-61.22,13.156]}},{"type":"Feature","properties":{"n":"Luleå","c":"Sweden","r":4,"p":48638,"cap":1},"geometry":{"type":"Point","coordinates":[22.158,65.597]}},{"type":"Feature","properties":{"n":"Serowe","c":"Botswana","r":4,"p":48573,"cap":1},"geometry":{"type":"Point","coordinates":[26.71,-22.39]}},{"type":"Feature","properties":{"n":"Meru","c":"Kenya","r":4,"p":47226,"cap":0},"geometry":{"type":"Point","coordinates":[37.64,0.06]}},{"type":"Feature","properties":{"n":"Coihaique","c":"Chile","r":4,"p":45787,"cap":1},"geometry":{"type":"Point","coordinates":[-72.07,-45.57]}},{"type":"Feature","properties":{"n":"Banjul","c":"The Gambia","r":4,"p":43094,"cap":1},"geometry":{"type":"Point","coordinates":[-16.592,13.454]}},{"type":"Feature","properties":{"n":"Franceville","c":"Gabon","r":4,"p":42967,"cap":1},"geometry":{"type":"Point","coordinates":[13.583,-1.633]}},{"type":"Feature","properties":{"n":"Eureka","c":"United States of America","r":4,"p":42398,"cap":0},"geometry":{"type":"Point","coordinates":[-124.15,40.793]}},{"type":"Feature","properties":{"n":"Alta Floresta","c":"Brazil","r":4,"p":40466,"cap":0},"geometry":{"type":"Point","coordinates":[-55.91,-9.9]}},{"type":"Feature","properties":{"n":"Mirny","c":"Russia","r":4,"p":40308,"cap":0},"geometry":{"type":"Point","coordinates":[113.961,62.54]}},{"type":"Feature","properties":{"n":"Goroka","c":"Papua New Guinea","r":4,"p":39699,"cap":1},"geometry":{"type":"Point","coordinates":[145.385,-6.083]}},{"type":"Feature","properties":{"n":"Minot","c":"United States of America","r":4,"p":39439,"cap":0},"geometry":{"type":"Point","coordinates":[-101.296,48.232]}},{"type":"Feature","properties":{"n":"Orange","c":"Australia","r":4,"p":39329,"cap":0},"geometry":{"type":"Point","coordinates":[149.1,-33.28]}},{"type":"Feature","properties":{"n":"Castries","c":"Saint Lucia","r":4,"p":37963,"cap":1},"geometry":{"type":"Point","coordinates":[-60.993,14.008]}},{"type":"Feature","properties":{"n":"Sydney","c":"Canada","r":4,"p":37538,"cap":0},"geometry":{"type":"Point","coordinates":[-60.18,46.066]}},{"type":"Feature","properties":{"n":"Kalgoorlie","c":"Australia","r":4,"p":36852,"cap":0},"geometry":{"type":"Point","coordinates":[121.46,-30.735]}},{"type":"Feature","properties":{"n":"Saint John's","c":"Antigua and Barbuda","r":4,"p":35499,"cap":1},"geometry":{"type":"Point","coordinates":[-61.85,17.118]}},{"type":"Feature","properties":{"n":"Timmins","c":"Canada","r":4,"p":34974,"cap":0},"geometry":{"type":"Point","coordinates":[-81.333,48.467]}},{"type":"Feature","properties":{"n":"Rovaniemi","c":"Finland","r":4,"p":34781,"cap":1},"geometry":{"type":"Point","coordinates":[25.716,66.5]}},{"type":"Feature","properties":{"n":"Durazno","c":"Uruguay","r":4,"p":34037,"cap":1},"geometry":{"type":"Point","coordinates":[-56.51,-33.41]}},{"type":"Feature","properties":{"n":"Saint George's","c":"Grenada","r":4,"p":33734,"cap":1},"geometry":{"type":"Point","coordinates":[-61.742,12.053]}},{"type":"Feature","properties":{"n":"Choibalsan","c":"Mongolia","r":4,"p":33376,"cap":1},"geometry":{"type":"Point","coordinates":[114.506,48.067]}},{"type":"Feature","properties":{"n":"Mount Isa","c":"Australia","r":4,"p":33200,"cap":0},"geometry":{"type":"Point","coordinates":[139.49,-20.724]}},{"type":"Feature","properties":{"n":"Dubbo","c":"Australia","r":4,"p":31574,"cap":0},"geometry":{"type":"Point","coordinates":[148.597,-32.26]}},{"type":"Feature","properties":{"n":"Leh","c":"India","r":4,"p":30870,"cap":1},"geometry":{"type":"Point","coordinates":[77.572,34.162]}},{"type":"Feature","properties":{"n":"Dund-Us","c":"Mongolia","r":4,"p":30500,"cap":1},"geometry":{"type":"Point","coordinates":[91.633,48.017]}},{"type":"Feature","properties":{"n":"Blenheim","c":"New Zealand","r":4,"p":30300,"cap":0},"geometry":{"type":"Point","coordinates":[173.955,-41.514]}},{"type":"Feature","properties":{"n":"Cottica","c":"Suriname","r":4,"p":29210,"cap":0},"geometry":{"type":"Point","coordinates":[-54.233,3.85]}},{"type":"Feature","properties":{"n":"Brandon","c":"Canada","r":4,"p":28418,"cap":0},"geometry":{"type":"Point","coordinates":[-99.95,49.833]}},{"type":"Feature","properties":{"n":"Geraldton","c":"Australia","r":4,"p":27258,"cap":0},"geometry":{"type":"Point","coordinates":[114.6,-28.767]}},{"type":"Feature","properties":{"n":"Colíder","c":"Brazil","r":4,"p":27139,"cap":0},"geometry":{"type":"Point","coordinates":[-55.451,-10.817]}},{"type":"Feature","properties":{"n":"Okha","c":"Russia","r":4,"p":26560,"cap":0},"geometry":{"type":"Point","coordinates":[142.948,53.574]}},{"type":"Feature","properties":{"n":"Albany","c":"Australia","r":4,"p":26445,"cap":0},"geometry":{"type":"Point","coordinates":[117.892,-35.017]}},{"type":"Feature","properties":{"n":"Rawson","c":"Argentina","r":4,"p":26335,"cap":1},"geometry":{"type":"Point","coordinates":[-65.1,-43.3]}},{"type":"Feature","properties":{"n":"Lensk","c":"Russia","r":4,"p":25589,"cap":0},"geometry":{"type":"Point","coordinates":[114.947,60.725]}},{"type":"Feature","properties":{"n":"Freeport","c":"The Bahamas","r":4,"p":25383,"cap":0},"geometry":{"type":"Point","coordinates":[-78.7,26.533]}},{"type":"Feature","properties":{"n":"Aldan","c":"Russia","r":4,"p":24426,"cap":0},"geometry":{"type":"Point","coordinates":[125.389,58.603]}},{"type":"Feature","properties":{"n":"Al Jawf","c":"Libya","r":4,"p":24132,"cap":0},"geometry":{"type":"Point","coordinates":[23.29,24.2]}},{"type":"Feature","properties":{"n":"Augusta","c":"United States of America","r":4,"p":24042,"cap":1},"geometry":{"type":"Point","coordinates":[-69.78,44.311]}},{"type":"Feature","properties":{"n":"Roseau","c":"Dominica","r":4,"p":23336,"cap":1},"geometry":{"type":"Point","coordinates":[-61.387,15.301]}},{"type":"Feature","properties":{"n":"Armidale","c":"Australia","r":4,"p":22673,"cap":0},"geometry":{"type":"Point","coordinates":[151.667,-30.512]}},{"type":"Feature","properties":{"n":"Whyalla","c":"Australia","r":4,"p":22559,"cap":0},"geometry":{"type":"Point","coordinates":[137.561,-33.025]}},{"type":"Feature","properties":{"n":"Basseterre","c":"Saint Kitts and Nevis","r":4,"p":21887,"cap":1},"geometry":{"type":"Point","coordinates":[-62.717,17.302]}},{"type":"Feature","properties":{"n":"Fort McMurray","c":"Canada","r":4,"p":21863,"cap":0},"geometry":{"type":"Point","coordinates":[-111.383,56.733]}},{"type":"Feature","properties":{"n":"Kaédi","c":"Senegal","r":4,"p":21656,"cap":1},"geometry":{"type":"Point","coordinates":[-13.5,16.15]}},{"type":"Feature","properties":{"n":"Devonport","c":"Australia","r":4,"p":19317,"cap":0},"geometry":{"type":"Point","coordinates":[146.331,-41.193]}},{"type":"Feature","properties":{"n":"Elko","c":"United States of America","r":4,"p":19252,"cap":0},"geometry":{"type":"Point","coordinates":[-115.762,40.833]}},{"type":"Feature","properties":{"n":"Fort St. John","c":"Canada","r":4,"p":18776,"cap":0},"geometry":{"type":"Point","coordinates":[-120.833,56.25]}},{"type":"Feature","properties":{"n":"Middelburg","c":"South Africa","r":4,"p":18164,"cap":0},"geometry":{"type":"Point","coordinates":[25.01,-31.5]}},{"type":"Feature","properties":{"n":"Broken Hill","c":"Australia","r":4,"p":17395,"cap":0},"geometry":{"type":"Point","coordinates":[141.433,-31.95]}},{"type":"Feature","properties":{"n":"Karratha","c":"Australia","r":4,"p":16796,"cap":0},"geometry":{"type":"Point","coordinates":[116.87,-20.73]}},{"type":"Feature","properties":{"n":"Dispur","c":"India","r":4,"p":16140,"cap":1},"geometry":{"type":"Point","coordinates":[91.767,26.144]}},{"type":"Feature","properties":{"n":"Griffith","c":"Australia","r":4,"p":15455,"cap":0},"geometry":{"type":"Point","coordinates":[146.04,-34.29]}},{"type":"Feature","properties":{"n":"International Falls","c":"United States of America","r":4,"p":15240,"cap":0},"geometry":{"type":"Point","coordinates":[-93.411,48.601]}},{"type":"Feature","properties":{"n":"Lüderitz","c":"Namibia","r":4,"p":15137,"cap":1},"geometry":{"type":"Point","coordinates":[15.159,-26.648]}},{"type":"Feature","properties":{"n":"Dalandzadgad","c":"Mongolia","r":4,"p":15093,"cap":1},"geometry":{"type":"Point","coordinates":[104.44,43.584]}},{"type":"Feature","properties":{"n":"Port Hedland","c":"Australia","r":4,"p":14288,"cap":0},"geometry":{"type":"Point","coordinates":[118.606,-20.31]}},{"type":"Feature","properties":{"n":"Wangaratta","c":"Australia","r":4,"p":14022,"cap":0},"geometry":{"type":"Point","coordinates":[146.3,-36.36]}},{"type":"Feature","properties":{"n":"Thompson","c":"Canada","r":4,"p":13727,"cap":0},"geometry":{"type":"Point","coordinates":[-97.867,55.75]}},{"type":"Feature","properties":{"n":"Port Lincoln","c":"Australia","r":4,"p":13630,"cap":0},"geometry":{"type":"Point","coordinates":[135.867,-34.733]}},{"type":"Feature","properties":{"n":"Broome","c":"Australia","r":4,"p":13218,"cap":0},"geometry":{"type":"Point","coordinates":[122.231,-17.962]}},{"type":"Feature","properties":{"n":"Pago Pago","c":"American Samoa","r":4,"p":12576,"cap":1},"geometry":{"type":"Point","coordinates":[-170.707,-14.277]}},{"type":"Feature","properties":{"n":"Portland","c":"Australia","r":4,"p":11808,"cap":0},"geometry":{"type":"Point","coordinates":[141.59,-38.34]}},{"type":"Feature","properties":{"n":"Santa Cruz","c":"Ecuador","r":4,"p":11262,"cap":0},"geometry":{"type":"Point","coordinates":[-90.35,-0.533]}},{"type":"Feature","properties":{"n":"Springbok","c":"South Africa","r":4,"p":10438,"cap":0},"geometry":{"type":"Point","coordinates":[17.883,-29.667]}},{"type":"Feature","properties":{"n":"Labrador City","c":"Canada","r":4,"p":10313,"cap":0},"geometry":{"type":"Point","coordinates":[-66.916,52.941]}},{"type":"Feature","properties":{"n":"Alvorada","c":"Brazil","r":4,"p":10232,"cap":0},"geometry":{"type":"Point","coordinates":[-49.082,-12.47]}},{"type":"Feature","properties":{"n":"Busselton","c":"Australia","r":4,"p":10214,"cap":0},"geometry":{"type":"Point","coordinates":[115.349,-33.656]}},{"type":"Feature","properties":{"n":"Katherine","c":"Australia","r":4,"p":10141,"cap":0},"geometry":{"type":"Point","coordinates":[132.267,-14.467]}},{"type":"Feature","properties":{"n":"Hammerfest","c":"Norway","r":4,"p":10000,"cap":0},"geometry":{"type":"Point","coordinates":[23.688,70.661]}},{"type":"Feature","properties":{"n":"Ust-Nera","c":"Russia","r":4,"p":9148,"cap":0},"geometry":{"type":"Point","coordinates":[143.2,64.567]}},{"type":"Feature","properties":{"n":"Sitka","c":"United States of America","r":4,"p":8931,"cap":0},"geometry":{"type":"Point","coordinates":[-135.328,57.06]}},{"type":"Feature","properties":{"n":"Dalnegorsk","c":"Russia","r":4,"p":8123,"cap":0},"geometry":{"type":"Point","coordinates":[135.517,44.537]}},{"type":"Feature","properties":{"n":"Rabaul","c":"Papua New Guinea","r":4,"p":8074,"cap":1},"geometry":{"type":"Point","coordinates":[152.143,-4.205]}},{"type":"Feature","properties":{"n":"El Calafate","c":"Argentina","r":4,"p":8000,"cap":0},"geometry":{"type":"Point","coordinates":[-72.3,-50.333]}},{"type":"Feature","properties":{"n":"Iqaluit","c":"Canada","r":4,"p":6124,"cap":1},"geometry":{"type":"Point","coordinates":[-68.5,63.75]}},{"type":"Feature","properties":{"n":"Okhotsk","c":"Russia","r":4,"p":5570,"cap":0},"geometry":{"type":"Point","coordinates":[143.217,59.383]}},{"type":"Feature","properties":{"n":"Peace River","c":"Canada","r":4,"p":5340,"cap":0},"geometry":{"type":"Point","coordinates":[-117.283,56.233]}},{"type":"Feature","properties":{"n":"Sisimiut","c":"Greenland","r":4,"p":5227,"cap":0},"geometry":{"type":"Point","coordinates":[-53.667,66.95]}},{"type":"Feature","properties":{"n":"Batagay","c":"Russia","r":4,"p":4266,"cap":0},"geometry":{"type":"Point","coordinates":[134.635,67.656]}},{"type":"Feature","properties":{"n":"Bukachacha","c":"Russia","r":4,"p":3372,"cap":0},"geometry":{"type":"Point","coordinates":[116.917,52.983]}},{"type":"Feature","properties":{"n":"Ugolnye Kopi","c":"Russia","r":4,"p":3367,"cap":0},"geometry":{"type":"Point","coordinates":[177.7,64.733]}},{"type":"Feature","properties":{"n":"Zhigansk","c":"Russia","r":4,"p":3237,"cap":0},"geometry":{"type":"Point","coordinates":[123.371,66.77]}},{"type":"Feature","properties":{"n":"Khatanga","c":"Russia","r":4,"p":3205,"cap":0},"geometry":{"type":"Point","coordinates":[102.465,72.041]}},{"type":"Feature","properties":{"n":"Chokurdakh","c":"Russia","r":4,"p":2506,"cap":0},"geometry":{"type":"Point","coordinates":[147.895,70.618]}},{"type":"Feature","properties":{"n":"Arviat","c":"Canada","r":4,"p":1868,"cap":0},"geometry":{"type":"Point","coordinates":[-94.059,61.109]}},{"type":"Feature","properties":{"n":"Igloolik","c":"Canada","r":4,"p":1612,"cap":0},"geometry":{"type":"Point","coordinates":[-81.794,69.257]}},{"type":"Feature","properties":{"n":"Cambridge Bay","c":"Canada","r":4,"p":1477,"cap":0},"geometry":{"type":"Point","coordinates":[-105.033,69.117]}},{"type":"Feature","properties":{"n":"Ayoun el Atrous","c":"Mauritania","r":4,"p":1423,"cap":1},"geometry":{"type":"Point","coordinates":[-9.617,16.667]}},{"type":"Feature","properties":{"n":"Dawson City","c":"Canada","r":4,"p":1319,"cap":0},"geometry":{"type":"Point","coordinates":[-139.417,64.067]}},{"type":"Feature","properties":{"n":"Kugluktuk","c":"Canada","r":4,"p":1302,"cap":0},"geometry":{"type":"Point","coordinates":[-115.125,67.799]}},{"type":"Feature","properties":{"n":"Kuujjuaq","c":"Canada","r":4,"p":1273,"cap":0},"geometry":{"type":"Point","coordinates":[-68.4,58.1]}},{"type":"Feature","properties":{"n":"Kuujjuarapik","c":"Canada","r":4,"p":1243,"cap":0},"geometry":{"type":"Point","coordinates":[-77.766,55.281]}},{"type":"Feature","properties":{"n":"Upernavik","c":"Greenland","r":4,"p":1129,"cap":0},"geometry":{"type":"Point","coordinates":[-56.142,72.709]}},{"type":"Feature","properties":{"n":"Taloyoak","c":"Canada","r":4,"p":774,"cap":0},"geometry":{"type":"Point","coordinates":[-93.533,69.533]}},{"type":"Feature","properties":{"n":"Qaanaaq","c":"Greenland","r":4,"p":616,"cap":1},"geometry":{"type":"Point","coordinates":[-69.23,77.467]}},{"type":"Feature","properties":{"n":"Fort Smith","c":"Canada","r":4,"p":518,"cap":0},"geometry":{"type":"Point","coordinates":[-111.883,60]}},{"type":"Feature","properties":{"n":"Tmassa","c":"Libya","r":4,"p":500,"cap":0},"geometry":{"type":"Point","coordinates":[15.8,26.367]}},{"type":"Feature","properties":{"n":"Chesterfield Inlet","c":"Canada","r":4,"p":374,"cap":0},"geometry":{"type":"Point","coordinates":[-90.7,63.338]}},{"type":"Feature","properties":{"n":"Windorah","c":"Australia","r":4,"p":158,"cap":0},"geometry":{"type":"Point","coordinates":[142.65,-25.433]}},{"type":"Feature","properties":{"n":"Narsarsuaq","c":"Greenland","r":4,"p":145,"cap":0},"geometry":{"type":"Point","coordinates":[-45.417,61.167]}},{"type":"Feature","properties":{"n":"Dulan","c":"China","r":4,"p":100,"cap":0},"geometry":{"type":"Point","coordinates":[98.267,36.167]}},{"type":"Feature","properties":{"n":"Ambarchik","c":"Russia","r":4,"p":0,"cap":0},"geometry":{"type":"Point","coordinates":[162.334,69.651]}},{"type":"Feature","properties":{"n":"Turin","c":"Italy","r":6,"p":1652000,"cap":1},"geometry":{"type":"Point","coordinates":[7.668,45.072]}},{"type":"Feature","properties":{"n":"Lille","c":"France","r":6,"p":1044000,"cap":1},"geometry":{"type":"Point","coordinates":[3.078,50.652]}},{"type":"Feature","properties":{"n":"Cardiff","c":"United Kingdom","r":6,"p":861400,"cap":1},"geometry":{"type":"Point","coordinates":[-3.168,51.483]}},{"type":"Feature","properties":{"n":"Toulouse","c":"France","r":6,"p":847000,"cap":1},"geometry":{"type":"Point","coordinates":[1.448,43.622]}},{"type":"Feature","properties":{"n":"Genoa","c":"Italy","r":6,"p":647497,"cap":1},"geometry":{"type":"Point","coordinates":[8.93,44.41]}},{"type":"Feature","properties":{"n":"Macau","c":"Macau S.A.R","r":6,"p":568700,"cap":1},"geometry":{"type":"Point","coordinates":[113.544,22.189]}},{"type":"Feature","properties":{"n":"Matsuyama","c":"Japan","r":6,"p":533541,"cap":1},"geometry":{"type":"Point","coordinates":[132.766,33.846]}},{"type":"Feature","properties":{"n":"Edinburgh","c":"United Kingdom","r":6,"p":504966,"cap":1},"geometry":{"type":"Point","coordinates":[-3.219,55.948]}},{"type":"Feature","properties":{"n":"Strasbourg","c":"France","r":6,"p":439972,"cap":1},"geometry":{"type":"Point","coordinates":[7.75,48.58]}},{"type":"Feature","properties":{"n":"El Fasher","c":"Sudan","r":6,"p":252609,"cap":1},"geometry":{"type":"Point","coordinates":[25.35,13.63]}},{"type":"Feature","properties":{"n":"Rennes","c":"France","r":6,"p":209375,"cap":1},"geometry":{"type":"Point","coordinates":[-1.67,48.1]}},{"type":"Feature","properties":{"n":"Funchal","c":"Portugal","r":6,"p":204767,"cap":1},"geometry":{"type":"Point","coordinates":[-16.88,32.65]}},{"type":"Feature","properties":{"n":"Gibraltar","c":"Gibraltar","r":6,"p":187083,"cap":1},"geometry":{"type":"Point","coordinates":[-5.346,36.128]}},{"type":"Feature","properties":{"n":"Batumi","c":"Georgia","r":6,"p":155542,"cap":1},"geometry":{"type":"Point","coordinates":[41.63,41.6]}},{"type":"Feature","properties":{"n":"Limoges","c":"France","r":6,"p":152199,"cap":1},"geometry":{"type":"Point","coordinates":[1.25,45.83]}},{"type":"Feature","properties":{"n":"Moroni","c":"Comoros","r":6,"p":128698,"cap":1},"geometry":{"type":"Point","coordinates":[43.24,-11.704]}},{"type":"Feature","properties":{"n":"Agana","c":"Guam","r":6,"p":122411,"cap":1},"geometry":{"type":"Point","coordinates":[144.75,13.47]}},{"type":"Feature","properties":{"n":"Luxembourg","c":"Luxembourg","r":6,"p":107260,"cap":1},"geometry":{"type":"Point","coordinates":[6.13,49.612]}},{"type":"Feature","properties":{"n":"Nouméa","c":"New Caledonia","r":6,"p":93060,"cap":1},"geometry":{"type":"Point","coordinates":[166.444,-22.263]}},{"type":"Feature","properties":{"n":"Sukhumi","c":"Georgia","r":6,"p":81546,"cap":1},"geometry":{"type":"Point","coordinates":[41.02,43.02]}},{"type":"Feature","properties":{"n":"Andorra","c":"Andorra","r":6,"p":53998,"cap":1},"geometry":{"type":"Point","coordinates":[1.527,42.511]}},{"type":"Feature","properties":{"n":"Monaco","c":"Monaco","r":6,"p":36371,"cap":1},"geometry":{"type":"Point","coordinates":[7.407,43.74]}},{"type":"Feature","properties":{"n":"Swakopmund","c":"Namibia","r":6,"p":29491,"cap":1},"geometry":{"type":"Point","coordinates":[14.535,-22.669]}},{"type":"Feature","properties":{"n":"Tarawa","c":"Kiribati","r":6,"p":28802,"cap":1},"geometry":{"type":"Point","coordinates":[173.018,1.338]}},{"type":"Feature","properties":{"n":"Majuro","c":"Marshall Islands","r":6,"p":25400,"cap":1},"geometry":{"type":"Point","coordinates":[171.38,7.103]}},{"type":"Feature","properties":{"n":"Keetmanshoop","c":"Namibia","r":6,"p":18039,"cap":1},"geometry":{"type":"Point","coordinates":[18.13,-26.574]}},{"type":"Feature","properties":{"n":"Lobamba","c":"eSwatini","r":6,"p":9782,"cap":1},"geometry":{"type":"Point","coordinates":[31.2,-26.467]}},{"type":"Feature","properties":{"n":"Melekeok","c":"Palau","r":6,"p":7026,"cap":1},"geometry":{"type":"Point","coordinates":[134.627,7.487]}},{"type":"Feature","properties":{"n":"Funafuti","c":"Tuvalu","r":6,"p":4749,"cap":1},"geometry":{"type":"Point","coordinates":[179.217,-8.517]}},{"type":"Feature","properties":{"n":"Palikir","c":"Federated States of Micronesia","r":6,"p":4645,"cap":1},"geometry":{"type":"Point","coordinates":[158.15,6.917]}},{"type":"Feature","properties":{"n":"Longyearbyen","c":"Svalbard and Jan Mayen Islands","r":6,"p":1232,"cap":1},"geometry":{"type":"Point","coordinates":[15.621,78.221]}},{"type":"Feature","properties":{"n":"Bir Lehlou","c":"Western Sahara","r":6,"p":500,"cap":1},"geometry":{"type":"Point","coordinates":[-9.653,26.119]}},{"type":"Feature","properties":{"n":"Rouen","c":"France","r":7,"p":532559,"cap":1},"geometry":{"type":"Point","coordinates":[1.08,49.43]}},{"type":"Feature","properties":{"n":"Bari","c":"Italy","r":7,"p":500577,"cap":1},"geometry":{"type":"Point","coordinates":[16.873,41.114]}},{"type":"Feature","properties":{"n":"Bologna","c":"Italy","r":7,"p":488172,"cap":1},"geometry":{"type":"Point","coordinates":[11.34,44.5]}},{"type":"Feature","properties":{"n":"Nantes","c":"France","r":7,"p":438537,"cap":1},"geometry":{"type":"Point","coordinates":[-1.59,47.21]}},{"type":"Feature","properties":{"n":"Gifu","c":"Japan","r":7,"p":412895,"cap":1},"geometry":{"type":"Point","coordinates":[136.763,35.423]}},{"type":"Feature","properties":{"n":"Mbale","c":"Uganda","r":7,"p":402368,"cap":1},"geometry":{"type":"Point","coordinates":[34.17,1.09]}},{"type":"Feature","properties":{"n":"Montpellier","c":"France","r":7,"p":327254,"cap":1},"geometry":{"type":"Point","coordinates":[3.87,43.61]}},{"type":"Feature","properties":{"n":"Jinja","c":"Uganda","r":7,"p":301619,"cap":1},"geometry":{"type":"Point","coordinates":[33.2,0.44]}},{"type":"Feature","properties":{"n":"Cagliari","c":"Italy","r":7,"p":291511,"cap":1},"geometry":{"type":"Point","coordinates":[9.104,39.222]}},{"type":"Feature","properties":{"n":"Nancy","c":"France","r":7,"p":268976,"cap":1},"geometry":{"type":"Point","coordinates":[6.2,48.684]}},{"type":"Feature","properties":{"n":"Fort-de-France","c":"France","r":7,"p":253995,"cap":1},"geometry":{"type":"Point","coordinates":[-61.08,14.61]}},{"type":"Feature","properties":{"n":"Arua","c":"Uganda","r":7,"p":250000,"cap":1},"geometry":{"type":"Point","coordinates":[30.9,3.02]}},{"type":"Feature","properties":{"n":"Novi Sad","c":"Serbia","r":7,"p":225457,"cap":1},"geometry":{"type":"Point","coordinates":[19.85,45.25]}},{"type":"Feature","properties":{"n":"Banja Luka","c":"Bosnia and Herzegovina","r":7,"p":221738,"cap":1},"geometry":{"type":"Point","coordinates":[17.18,44.78]}},{"type":"Feature","properties":{"n":"Orléans","c":"France","r":7,"p":217301,"cap":1},"geometry":{"type":"Point","coordinates":[1.9,47.9]}},{"type":"Feature","properties":{"n":"Trieste","c":"Italy","r":7,"p":216035,"cap":1},"geometry":{"type":"Point","coordinates":[13.8,45.65]}},{"type":"Feature","properties":{"n":"Reims","c":"France","r":7,"p":196565,"cap":1},"geometry":{"type":"Point","coordinates":[4.03,49.25]}},{"type":"Feature","properties":{"n":"Caen","c":"France","r":7,"p":190099,"cap":1},"geometry":{"type":"Point","coordinates":[-0.35,49.184]}},{"type":"Feature","properties":{"n":"Dijon","c":"France","r":7,"p":169946,"cap":1},"geometry":{"type":"Point","coordinates":[5.03,47.33]}},{"type":"Feature","properties":{"n":"Perugia","c":"Italy","r":7,"p":149125,"cap":1},"geometry":{"type":"Point","coordinates":[12.39,43.11]}},{"type":"Feature","properties":{"n":"Willemstad","c":"Curacao","r":7,"p":146813,"cap":1},"geometry":{"type":"Point","coordinates":[-68.872,12.112]}},{"type":"Feature","properties":{"n":"Amiens","c":"France","r":7,"p":143086,"cap":1},"geometry":{"type":"Point","coordinates":[2.3,49.9]}},{"type":"Feature","properties":{"n":"Trento","c":"Italy","r":7,"p":107808,"cap":1},"geometry":{"type":"Point","coordinates":[11.12,46.08]}},{"type":"Feature","properties":{"n":"Ancona","c":"Italy","r":7,"p":100507,"cap":1},"geometry":{"type":"Point","coordinates":[13.5,43.6]}},{"type":"Feature","properties":{"n":"Catanzaro","c":"Italy","r":7,"p":95251,"cap":1},"geometry":{"type":"Point","coordinates":[16.6,38.9]}},{"type":"Feature","properties":{"n":"Chipata","c":"Zambia","r":7,"p":85963,"cap":1},"geometry":{"type":"Point","coordinates":[32.64,-13.63]}},{"type":"Feature","properties":{"n":"Mbarara","c":"Uganda","r":7,"p":83700,"cap":1},"geometry":{"type":"Point","coordinates":[30.65,-0.6]}},{"type":"Feature","properties":{"n":"Oranjestad","c":"Aruba","r":7,"p":68775,"cap":1},"geometry":{"type":"Point","coordinates":[-70.026,12.522]}},{"type":"Feature","properties":{"n":"L'Aquila","c":"Italy","r":7,"p":68503,"cap":1},"geometry":{"type":"Point","coordinates":[13.39,42.35]}},{"type":"Feature","properties":{"n":"Masaka","c":"Uganda","r":7,"p":65373,"cap":1},"geometry":{"type":"Point","coordinates":[31.73,-0.33]}},{"type":"Feature","properties":{"n":"Ajaccio","c":"France","r":7,"p":54364,"cap":1},"geometry":{"type":"Point","coordinates":[8.728,41.927]}},{"type":"Feature","properties":{"n":"Vaduz","c":"Liechtenstein","r":7,"p":36281,"cap":1},"geometry":{"type":"Point","coordinates":[9.517,47.134]}},{"type":"Feature","properties":{"n":"Douglas","c":"Isle of Man","r":7,"p":35854,"cap":1},"geometry":{"type":"Point","coordinates":[-4.48,54.149]}},{"type":"Feature","properties":{"n":"San Marino","c":"San Marino","r":7,"p":29579,"cap":1},"geometry":{"type":"Point","coordinates":[12.442,43.936]}},{"type":"Feature","properties":{"n":"Otjiwarongo","c":"Namibia","r":7,"p":24815,"cap":1},"geometry":{"type":"Point","coordinates":[16.64,-20.46]}},{"type":"Feature","properties":{"n":"Saint-Laurent-du-Maroni","c":"France","r":7,"p":24287,"cap":1},"geometry":{"type":"Point","coordinates":[-54.033,5.498]}},{"type":"Feature","properties":{"n":"Grand Turk","c":"Turks and Caicos Islands","r":7,"p":5801,"cap":1},"geometry":{"type":"Point","coordinates":[-71.136,21.466]}},{"type":"Feature","properties":{"n":"George Town","c":"Cayman Islands","r":7,"p":4268,"cap":1},"geometry":{"type":"Point","coordinates":[-81.372,19.295]}},{"type":"Feature","properties":{"n":"McMurdo Station","c":"Antarctica","r":7,"p":1000,"cap":0},"geometry":{"type":"Point","coordinates":[166.869,-77.732]}},{"type":"Feature","properties":{"n":"Moroto","c":"Uganda","r":7,"p":371,"cap":1},"geometry":{"type":"Point","coordinates":[34.64,2.54]}},{"type":"Feature","properties":{"n":"Basse-terre","c":"France","r":7,"p":307,"cap":1},"geometry":{"type":"Point","coordinates":[-61.705,16.01]}},{"type":"Feature","properties":{"n":"Esperanza Base","c":"Antarctica","r":7,"p":250,"cap":0},"geometry":{"type":"Point","coordinates":[-57.026,-63.375]}},{"type":"Feature","properties":{"n":"Casey Station","c":"Antarctica","r":7,"p":200,"cap":0},"geometry":{"type":"Point","coordinates":[110.536,-66.286]}},{"type":"Feature","properties":{"n":"Amundsen–Scott South Pole Station","c":"Antarctica","r":7,"p":200,"cap":0},"geometry":{"type":"Point","coordinates":[176.994,-90]}},{"type":"Feature","properties":{"n":"Mirny Station","c":"Antarctica","r":7,"p":169,"cap":0},"geometry":{"type":"Point","coordinates":[93.006,-66.576]}},{"type":"Feature","properties":{"n":"Marambio Base","c":"Antarctica","r":7,"p":150,"cap":0},"geometry":{"type":"Point","coordinates":[-56.65,-64.233]}},{"type":"Feature","properties":{"n":"Base Presidente Montalva","c":"Antarctica","r":7,"p":150,"cap":0},"geometry":{"type":"Point","coordinates":[-58.908,-62.183]}},{"type":"Feature","properties":{"n":"Rothera Station","c":"Antarctica","r":7,"p":130,"cap":0},"geometry":{"type":"Point","coordinates":[-68.124,-67.565]}},{"type":"Feature","properties":{"n":"Dumont d'Urville Station","c":"Antarctica","r":7,"p":120,"cap":0},"geometry":{"type":"Point","coordinates":[139.964,-66.775]}},{"type":"Feature","properties":{"n":"Belgrano II Base","c":"Antarctica","r":7,"p":100,"cap":0},"geometry":{"type":"Point","coordinates":[-34.617,-77.866]}},{"type":"Feature","properties":{"n":"King Sejong Station","c":"Antarctica","r":7,"p":90,"cap":0},"geometry":{"type":"Point","coordinates":[-58.772,-62.225]}},{"type":"Feature","properties":{"n":"Scott Base","c":"Antarctica","r":7,"p":85,"cap":0},"geometry":{"type":"Point","coordinates":[166.749,-77.847]}},{"type":"Feature","properties":{"n":"Zucchelli Station","c":"Antarctica","r":7,"p":80,"cap":0},"geometry":{"type":"Point","coordinates":[164.219,-74.619]}},{"type":"Feature","properties":{"n":"Davis Station","c":"Antarctica","r":7,"p":70,"cap":0},"geometry":{"type":"Point","coordinates":[78.141,-68.778]}},{"type":"Feature","properties":{"n":"Novolazarevskaya Station","c":"Antarctica","r":7,"p":70,"cap":0},"geometry":{"type":"Point","coordinates":[-11.85,-71.301]}},{"type":"Feature","properties":{"n":"Halley Station","c":"Antarctica","r":7,"p":70,"cap":0},"geometry":{"type":"Point","coordinates":[-26.474,-76.092]}},{"type":"Feature","properties":{"n":"Maitri Station","c":"Antarctica","r":7,"p":65,"cap":0},"geometry":{"type":"Point","coordinates":[11.73,-70.782]}},{"type":"Feature","properties":{"n":"Carlini Base","c":"Antarctica","r":7,"p":60,"cap":0},"geometry":{"type":"Point","coordinates":[-58.65,-62.224]}},{"type":"Feature","properties":{"n":"Zhongshan Station","c":"Antarctica","r":7,"p":60,"cap":0},"geometry":{"type":"Point","coordinates":[76.339,-69.434]}},{"type":"Feature","properties":{"n":"Mawson Station","c":"Antarctica","r":7,"p":60,"cap":0},"geometry":{"type":"Point","coordinates":[62.875,-67.615]}},{"type":"Feature","properties":{"n":"Showa Station","c":"Antarctica","r":7,"p":60,"cap":0},"geometry":{"type":"Point","coordinates":[39.746,-69.03]}},{"type":"Feature","properties":{"n":"Palmer Station","c":"Antarctica","r":7,"p":46,"cap":0},"geometry":{"type":"Point","coordinates":[-64.047,-64.762]}},{"type":"Feature","properties":{"n":"Orcadas Station","c":"Antarctica","r":7,"p":45,"cap":0},"geometry":{"type":"Point","coordinates":[-44.733,-60.733]}},{"type":"Feature","properties":{"n":"Troll Station","c":"Antarctica","r":7,"p":44,"cap":0},"geometry":{"type":"Point","coordinates":[2.533,-72.016]}},{"type":"Feature","properties":{"n":"Gen. O'Higgins Base","c":"Antarctica","r":7,"p":44,"cap":0},"geometry":{"type":"Point","coordinates":[-57.89,-63.328]}},{"type":"Feature","properties":{"n":"Capitan Arturo Prat Station","c":"Antarctica","r":7,"p":41,"cap":0},"geometry":{"type":"Point","coordinates":[-59.683,-62.5]}},{"type":"Feature","properties":{"n":"Great Wall Station","c":"Antarctica","r":7,"p":40,"cap":0},"geometry":{"type":"Point","coordinates":[-58.967,-62.216]}},{"type":"Feature","properties":{"n":"Neumayer Station III","c":"Antarctica","r":7,"p":40,"cap":0},"geometry":{"type":"Point","coordinates":[-7.838,-70.89]}},{"type":"Feature","properties":{"n":"Sobral Base","c":"Antarctica","r":7,"p":40,"cap":0},"geometry":{"type":"Point","coordinates":[-40.502,-81.179]}},{"type":"Feature","properties":{"n":"Concordia Research Station","c":"Antarctica","r":7,"p":30,"cap":0},"geometry":{"type":"Point","coordinates":[124.167,-74.666]}},{"type":"Feature","properties":{"n":"Vostok Station","c":"Antarctica","r":7,"p":25,"cap":0},"geometry":{"type":"Point","coordinates":[106.8,-78.466]}},{"type":"Feature","properties":{"n":"Escudero Base","c":"Antarctica","r":7,"p":20,"cap":0},"geometry":{"type":"Point","coordinates":[-58.953,-62.195]}},{"type":"Feature","properties":{"n":"San Martín Base","c":"Antarctica","r":7,"p":20,"cap":0},"geometry":{"type":"Point","coordinates":[-67.1,-68.116]}},{"type":"Feature","properties":{"n":"Aboa Station","c":"Antarctica","r":7,"p":18,"cap":0},"geometry":{"type":"Point","coordinates":[-13.417,-75.05]}},{"type":"Feature","properties":{"n":"Wasa Station","c":"Antarctica","r":7,"p":10,"cap":0},"geometry":{"type":"Point","coordinates":[-13.417,-73.05]}},{"type":"Feature","properties":{"n":"Svea Station","c":"Antarctica","r":7,"p":10,"cap":0},"geometry":{"type":"Point","coordinates":[-11.217,-74.583]}},{"type":"Feature","properties":{"n":"Signy Research Station","c":"Antarctica","r":7,"p":8,"cap":0},"geometry":{"type":"Point","coordinates":[-45.601,-60.631]}},{"type":"Feature","properties":{"n":"Elephant Island","c":"Antarctica","r":7,"p":6,"cap":0},"geometry":{"type":"Point","coordinates":[-58,-62]}},{"type":"Feature","properties":{"n":"Peter I Island","c":"Antarctica","r":7,"p":1,"cap":0},"geometry":{"type":"Point","coordinates":[-90.584,-68.795]}},{"type":"Feature","properties":{"n":"Clermont-Ferrand","c":"France","r":8,"p":233050,"cap":1},"geometry":{"type":"Point","coordinates":[3.08,45.78]}},{"type":"Feature","properties":{"n":"Besançon","c":"France","r":8,"p":128426,"cap":1},"geometry":{"type":"Point","coordinates":[6.03,47.23]}},{"type":"Feature","properties":{"n":"Poitier","c":"France","r":8,"p":85960,"cap":1},"geometry":{"type":"Point","coordinates":[0.333,46.583]}},{"type":"Feature","properties":{"n":"Vatican City","c":"Vatican","r":8,"p":832,"cap":1},"geometry":{"type":"Point","coordinates":[12.453,41.903]}},{"type":"Feature","properties":{"n":"Artigas Base","c":"Antarctica","r":8,"p":60,"cap":0},"geometry":{"type":"Point","coordinates":[-58.864,-62.174]}},{"type":"Feature","properties":{"n":"Bombo","c":"Uganda","r":10,"p":75000,"cap":1},"geometry":{"type":"Point","coordinates":[32.533,0.583]}},{"type":"Feature","properties":{"n":"Potenza","c":"Italy","r":10,"p":69060,"cap":1},"geometry":{"type":"Point","coordinates":[15.799,40.642]}},{"type":"Feature","properties":{"n":"Campobasso","c":"Italy","r":10,"p":50762,"cap":1},"geometry":{"type":"Point","coordinates":[14.656,41.563]}},{"type":"Feature","properties":{"n":"Fort Portal","c":"Uganda","r":10,"p":42670,"cap":1},"geometry":{"type":"Point","coordinates":[30.275,0.671]}},{"type":"Feature","properties":{"n":"Aosta","c":"Italy","r":10,"p":34062,"cap":1},"geometry":{"type":"Point","coordinates":[7.315,45.737]}},{"type":"Feature","properties":{"n":"Ramallah","c":"Palestine","r":10,"p":24599,"cap":1},"geometry":{"type":"Point","coordinates":[35.206,31.903]}},{"type":"Feature","properties":{"n":"Mariehamn","c":"Aland","r":10,"p":10682,"cap":1},"geometry":{"type":"Point","coordinates":[19.949,60.097]}}]}